song_title_en,song_title_si,year,writer_en,writer_si,artist_en,artist_si,lyrics,metaphor_1,metaphor_1_source,metaphor_1_target,metaphor_1_meaning,metaphor_2,metaphor_2_source,metaphor_2_target,metaphor_2_meaning
Alu Yata Gini,අළු යට ගිනි,2010,Senaka Batagoda,සේනක බටගොඩ,Senaka Batagoda,සේනක බටගොඩ,"පුපුරන්නට යන කන්දක් ලග
සුවසේ ඉන්නට බෑ
අවදානම කොයි මොහොතෙද!
ජීවිතයම සීමා කොටු තුල
සිරවී සිටියාද හිතෙනවා බැලුවම
පසුගිය කාලය
වෙනසක් විය යුතුමයි ජීවිතයට
කවදද කොහොමද නොදනී හරියට
අළු යට ගිනි වැනි හිතුවිලි
අපිව වසාගෙන කොහෙදො ඈතක යනවා...
සීතල කදු වැටියෙන් ඔබේ
නිල්ල පිරුණු මිටියාවත
තොතැන්නකි හැමදෙටම ...
ජීවිතයට අගයක් වන වේනම්
සිතුවිලි වල සුවඳ දැනෙනම් තව,
වෙන මොනවද?
වෙනසක් විය යුතුමයි ජීවිතයට
කවදද කොහොමද නොදනී හරියට
අළු යට ගිනි වැනි හිතුවිලි
අපිව වසාගෙන කොහෙදො ඈතක යනවා...
අළු යට ගිනි වැනි හිතුවිලි
අපිව වසාගෙන කොහෙදො ඈතක යනවා...
අළු යට ගිනි","පුපුරන්නට යන කන්දක් ලග
සුවසේ ඉන්නට බෑ
",සොබාදහම,ජීවිතය,විනාශ වන බව දැන දැන සතුටින් සිටීමට නොහැකි බව ,අළු යට ගිනි වැනි හිතුවිලි,සොබාදහම,ජීවිතය,භයානක හැඟීම් මනස තුළ සැඟවී ඇත.
Ananthayata Yanawamai,අනන්තයට යනවාමයි,2010,Senaka Batagoda,සේනක බටගොඩ,Senaka Batagoda,සේනක බටගොඩ,"සිහින මවන්නැති අහස උසට තනියම
ළං වෙන්න වෙන්න ඇයි සමහර දුර
ඇහෙන දකින දේවල් කොතරම් තිබුණද
හදට දැනෙන දේවල් ඇයි එතරම් බර
සිරවෙලා නැවතිලා නැතිනම් සීමාවක
නිදහසේ ඉගිලිලා යමු එක රෑනක
හො හෝ හෝ... හො හෝ හෝ...
හො හො හො...
සෑම දෙයම නිම විය හැක නිමේෂයක
එහෙම වුනෝතින් මොනව හිතන්නද
සිහින විමන් වල කවුළු පියන් හැරුනම
අනන්තයට යනවාමයි ඒ මොහොතෙම
සිරවෙලා නැවතිලා නැතිනම් සීමාවක
නිදහසේ ඉගිලිලා යමු එක රෑනක
හො හෝ හෝ... හො හෝ හෝ...
හො හො හො...
සිරවෙලා නැවතිලා නැතිනම් සීමාවක
නිදහසේ ඉගිලිලා යමු එක රෑනක
හො හෝ හෝ... හො හෝ හෝ...
හො හො හො...","සිහින විමන් වල කවුළු පියන් හැරුනම
අනන්තයට යනවාමයි ඒ මොහොතෙම
",කවුළු,ජීවිතය,සිතේ සිමා ඉවත් කල විට නිදහස ඇති  කරයි.,හදට දැනෙන දේවල් ඇයි එතරම් බර,බර,සිතුවිලි ,සිතුවිලි ඉතාමත් තදින් දැනේ 
Kandulu Binduwak,කදුළු බිදුවක්,2014,Prasangi Wijewardena,ප්‍රසංගි විජේවර්ධන,Ruwan Hettiarachchi,රුවන් හෙට්ටිආරච්චි,"කදුළු බිදුවක් නෙතු අගින් වැටුණා
නුඹ ඇවිත් හිත අද්දරින් රැදුණා
පෙනෙන නොපෙනෙන මතක අතරේ
හිතට හුරු නැති තනිකමක් දැනුණා
තනිකමක් දැනුණා
සිහින ගිළිහී දෙපාමුල වැටුණා
ඔයා නොකියම දුර ගිහින් තිබුණා
බිදී මිය ගිය පැතුම් අභියස
දරන්නට බැරි තරම් දුක හිතුණා
තරම් දුක හිතුණා...
කදුළු බිදුවක්...
සුවද අහිමියි කියා හිත ඇඩුවා
ආයෙමත් ඔබ එතැයි කියා මට සිතුණා
බිදී මිය ගිය පැතුම් අභියස
ආදරේ නැති අඩුව මට දැනුණා
අඩුව මට දැනුණා...
කදුළු බිදුවක්...",බිදී මිය ගිය පැතුම් අභියස,සොබාදහම,බලාපොරොත්තු,ජීවිතයේ බලාපොරොත්තු නැතිවීම මනසේ කලකිරීමට හේතු වේ.,සිහින ගිළිහී දෙපාමුල වැටුණා,දෙපා,විනාශය ,බලාපොරොත්තු විනාශ වී ගියා  
As Deka Piyaana,ඇස් දෙක පියාන,2004,Rookantha Gunathilaka,රූකාන්ත ගුණතිලක,Rookantha Gunathilaka,රූකාන්ත ගුණතිලක,"ඇස් දෙක පියාන නිදාගන්න මට බෑ
බෑ, බෑ, මට නිදන්න බෑ
සිත තුළ දඟලන මනසේ ඇවිදින
ඔබ මට නිදන්න දෙන්නේ නෑ
සිත එක්තැන් කර නිදන්න හැදුවත්
එයටත් ඔබ ඉඩ දෙන්නෙම නෑ
තුරුල් වෙලා, ඔබ හුරතල් වෙනකොට
මටත් නිදන්නට ඕනෙම නෑ
රහසක් කියන්න තියෙනවා ඔයාගෙ
කන්පෙති මත මගෙ දෙතොල් තියා
ඔබ ඈතින් හිටියොත් කියන්න බෑ මට
අනිත් අයට එය ඇහෙන නිසා
අනේ රත්තරන් හිතට වද නොදී
තුරුළු වෙන්න ආදරෙයි කියා
මට කියන්න දේවල් හුඟක් තියෙනවා
තුරුළු කරන් ආදරෙයි කියා
ඇස් දෙක පියාන නිදාගන්න මට බෑ
බෑ, බෑ, මට නිදන්න බෑ
සිත තුළ දඟලන මනසේ ඇවිදින
ඔබ මට නිදන්න දෙන්නේ නෑ
සිත එක්තැන් කර නිදන්න හැදුවත්
එයටත් ඔබ ඉඩ දෙන්නෙම නෑ
තුරුල් වෙලා, ඔබ හුරතල් වෙනකොට
මටත් නිදන්නට ඕනෙම නෑ",සිත තුළ දඟලන මනසේ ඇවිදින,මිනිස් හැඟීම්,විරහව ,ඇගේ විරහව සිතට දැනෙ.,,,,
Hiru Davi Davi,හිරු දැවී දැවී,2010, Looshan Perera,ලූෂන් පෙරේරා,Amal Perera,අමල් පෙරේරා,"හිරු දැවී දැවී නිවුනොත් තුරු කෙසේ දළු දමයිදෝ
සඳ දිලී දිලී නිවුනොත් විල් ජලේ මල් පිපෙයිදෝ
ඔබ බැලුවෝතින් වෙනතක්
කුමක් වේද මම නොදනිමි
සිතාගන්න මට බැරි වෙයි

අහස දම් ඇඳන් එන විට මහ වැසි එන බව දනිම්
පොළොව ඉරිතැලී එන විට ඉඩෝරෙ එන බව දනිම්
ඔබ මුහුණ අඳුරු කරවයි
සිතාගන්න මට බැරි වෙයි
දරාගන්න මට බැරි වෙයි

හරිත තුරු මුදුන් මත පිපි සුවඳ සුදු කුසුම් කදිමයි
මල මතේ රඟන බඹරුන් සිත තුළේ හැඟුම් පුබුදයි
ඔබ නෙතින් කඳුළ සඟවයි
සිතාගන්න මට බැරි වෙයි
දරාගන්න මට බැරි වෙයි.",හිරු දැවී දැවී නිවුනොත් තුරු කෙසේ දළු දමයිදෝ,සොබාදහම,මිනිස් හැඟීම්,විටින් විට කරදර විදුවන විට හොදක් සිදුවීමට ඉඩ නැත ,,,,
Anantha Prema Loke,අනන්ත ප්රේම ලෝකේ,2011,Upul Shantha Sannasgala,උපුල් ශාන්ත සන්නස්ගල,Damith Asanka,දමිත් අසංක,"අනන්ත ප්රේම ලෝකේ
වියෝවක් නොවේවා
උප නූපන් ජාති ජාති
ඔබ සසර මග රැදේවා...
අනන්ත ප්රේම ලෝකේ
වියෝවක් නොවේවා
උප නූපන් ජාති ජාති
ඔබ සසර මග රැදේවා...
හුදෙකලා අදුරු අහසේ
ඔබ සඳක් සේ උපන්නේ
මේ දිවා රෑ මුලුල්ලේ
ඔබ නොවෙයි මා විදෙව්වේ...
හුදෙකලා අදුරු අහසේ
ඔබ සඳක් සේ උපන්නේ
මේ දිවා රෑ මුලුල්ලේ
ඔබ නොවෙයි මා විදෙව්වේ...
අනන්ත ප්රේම ලෝකේ
වියෝවක් නොවේවා
උප නූපන් ජාති ජාති
ඔබ සසර මග රැදේවා...
මගෙ හීන පිරුනු දෑසේ
දුක නිවාගන්න බෑනේ
හොරු අරන් ගියා වාගේ
දර දඬුයි තවම හීනේ...
මගෙ හීන පිරුනු දෑසේ
දුක නිවාගන්න බෑනේ
හොරු අරන් ගියා වාගේ
දර දඬුයි තවම හීනේ...
අනන්ත ප්රේම ලෝකේ
වියෝවක් නොවේවා
උප නූපන් ජාති ජාති
ඔබ සසර මග රැදේවා...
අනන්ත ප්රේම ලෝකේ
වියෝවක් නොවේවා
උප නූපන් ජාති ජාති
ඔබ සසර මග රැදේවා...",ඔබ සඳක් සේ උපන්නේ,සඳ,හිමිවීම ,ඇය මා වෙනුවෙන් මවන ලද්දේ ඇගේ ආදරය මට හොඳින් දැනෙන්නටය.,,,,
Paradeese,පාරාදීසේ,2000,"Samitha Mudunkotuwa, Athula Adikari","සමිතා මුදුන්කොටුව, අතුල අදිකාරි","Samitha Mudunkotuwa, Athula Adikari","සමිතා මුදුන්කොටුව, අතුල අදිකාරි","පාරාදීසේ මා දමා.
පාලුවේ ඈ ගියා.
මා දෑසේ ආදරේ හැඟුම් ලියා තියා
ඈ කව්දෝ මා හදේ හැඟුම් වශී කලා
පාරාදීසේ මා දමා
පාලුවේ ඈ ගියා
පාරාදීසේ මා දමා
පාලුවේ ඈ ගියා
මා දෑසේ ආදරේ හැඟුම් ලියා තියා
වේදනාව කී ඇගේ සෙනේ
මා පැතූව ලෝකයේ
වාසනාව පාවුනේ කොහේ
මට වේදනා තිළිනේ පුදා
හසරැල් සලා ඈ මිදීල යාවි මා දමා
ජීවිතේ පුරා ඔබේ සෙනේ
ලැබේවිදෝ ළඳේ ඔබේ
ආදරේ ලැබේවිදෝ ළඳේ
සෙනෙහේ පුදා
සසරේ පුරා
පැතුමන් දරා
ඈ මෙමාව ඒවිදෝ සොයා
මා දෑසේ ආදරේ හැඟුම් ලියා තියා
ඈ කව්දෝ මා හදේ හැඟුම් වශී කලා
පාරාදීසේ මා දමා
පාලුවේ ඈ ගියා
පාරාදීසේ මා දමා
පාලුවේ ඈ ගියා
පාලුවේ ඈ ගියා
පාරාදීසේ මා දමා",හසරැල් සලා ඈ මිදීල යාවි මා දමා,මානව හැසිරීම,විරහව ,සරල සතුට ප්‍රකාශ කරමින් ඇය ඔහුගෙන් ඈත් වූවාය.,,,,
Dahasak mal Pipila,දහසක් මල් පිපිලා,2000,Athula Adikari,අතුල අදිකාරි,Athula Adikari,අතුල අදිකාරි,"දහසක් මල් පිපිලා
සතුටු සිනා මගේ ලොව පිරිලා
ඔබේ අත මට ලැබිලා
අද අපගේ… සිහින සැබෑවිලා

ඔබේ සිතයි මගේ සිතයි
සදාදරේ සුවේ ලබයි
ඔබේ සෙනේ වෙනස් නොවේ
ඉරයි හදයි වගේ තියෙයි

සතුටු සිනා මගේ ලොව පිරිලා
ඔබේ අත මට ලැබිලා
අද අපගේ… සිහින සැබෑවිලා

මගේ සිතුම් ඔබේ සිතුම්
සමාන වී සදා බැදේ
අපේ ලොවේ සුසුම් නැතේ
වසන්තයයි උදා උනේ …

සතුටු සිනා මගේ ලොව පිරිලා
ඔබේ අත මට ලැබිලා
අද අපගේ… සිහින සැබෑවිලා

සතුටු සිනා මගේ ලොව පිරිලා
ඔබේ අත මට ලැබිලා
අද අපගේ… සිහින සැබෑවිලා",ඉරයි හදයි වගේ තියෙයි,සොබාදහම,ආදරය,ඇගේ/ඔහුගේ  ආදරය සදාකාලික ය.,වසන්තයයි උදා උනේ,වසන්තය,සතුට ,ජිවිතයට හොද කලක් පැමිණි බව 
Adare Sithe Kalamba,ආදරේ සිතේ කළඹා,2000,Ayodhya Fernando,අයෝධ්‍යා ප්‍රනාන්දු,Athula Adikari,අතුල අදිකාරි,"ආදරේ සිතේ කළඹා මා මුළා කලා
ජීවිතේ පුරා සුවදුක් දී ඔයා ගියා
සිහිනයෙන් පවා ඇවිදින් යලි යලිත් සොයා
පාරවා මගේ හැඟුමන් සැඟවුනා ඔයා

ආදරේ නිසා අපි තව සිතින් ළං උනා
මා ඔබේ කියාලා කොඳුරලා එදා
මුළු ජීවිතේ සරසා බැඳි ආදරේ පිරුණා
විඳි වේදනා නිවනා ගීතයක් වෙලා
ආදරේ සිතේ කළඹා

සුළෙඟ් පවා සුසුමන් පාවෙලා ගියා
කඳුලැල් ගලාලා දෙනුවන් තෙමා
යලි වේදනා දීලා දුන් ආදරේ ගත්තා
පෙම් ප්රාර්ථනා බිඳදා පාළුවේ තියලා",සුළෙඟ් පවා සුසුමන් පාවෙලා ගියා,සොබාදහම,විරහව ,ඇය සමඟ ඇති මතකයන් කනගාටුදායක ලෙස මැකී යයි.,,,,
Sanda Warunawata,සඳ වරුණාවට,2014,"Samitha Mudunkotuwa, Athula Adikari","සමිතා මුදුන්කොටුව, අතුල අදිකාරි","Samitha Mudunkotuwa, Athula Adikari","සමිතා මුදුන්කොටුව, අතුල අදිකාරි","සඳ වරුණාවට තරු කැට ආකාසේ
මල් වරුණාවට පිනි වරුසා දිලිසේ
සඳ මාමා අර කිරි පැණි නෑ දෙන්නේ
සඳ වරුණාවට අපි නම් නෑ එන්නේ…

පිනි දරුවෝ අපි මල් සරසා ඉන්නේ
මල් වරුණාවට විතරයි අපි එන්නේ
මං පොඩි කාලෙත් හඳ මාමා උන්නේ
රන් තැටියේ ඔය කිරි පැණි නෑ දුන්නේ…

හඳ අහසේ හිනැහෙනවා මිදුල පුරා රැස් පිපෙනා
ඒ සුදු පාටලු කිරි පැණි හැම පැතිරේ
අපි මිදුලේ නටන වෙලේ පහන නිවා යන්න එපා
හඳ එළියක් හරි දෙන්නකෝ හඳ මාමේ…

මල් උදයේ හඳ නැතිලූ හඳ එන රෑ මල් නැතිලූ
ඇයි ඔය සේරම එක පාරට නැත්තේ
මල් පිපිලා උදේ හැඩයි හඳ පායා රැයේ රුවයි
එතකොට රෑ මෙන් උදෙත් ලස්සනයිනේ…",මල් වරුණාවට පිනි වරුසා දිලිසේ,සොබාදහම,උදෑසන,ජල බිංදු සහිත මල් පෙනුම ප්රසන්න ස්වභාවයක් පෙන්නුම් කරයි.,මල් උදයේ හඳ නැතිලූ හඳ එන රෑ මල් නැතිලූ,මල්,ජීවිතය,සෑම ප්‍රීතිමත් මොහොතකින්ම ජීවිතය සොයාගත නොහැක
Wessanthara Bisso,වෙස්සන්තර බිසෝ,2014,Unknown,,Namal Udugama,නාමල් උඩුගම,"වෙස්සන්තර බිසෝ නුඹව දන් දෙන්න බෑ නාටකේ
රූ සෝබා අලංකාරේ උන්මාද වේ ජීවිතේ
රන් පුන්සඳ වැනි බිසොවුන් රූ සිරි
නැතිදා පලක් වේද සිංහාසනේ

ෙස්සන්තර බිසෝ නුඹව දන් දෙන්න බෑ නාටකේ

මන්දාරමේ දේදුන්න සේ
පායාවි ඈ නාඩගම් මණ්ඩපේ
රෑ තුන්යමේ මේ රංගනේ
ආනන්ද වේ ප්‍රීති ඝෝෂා නැගේ

මන්දාරමේ දේදුන්න සේ
පායාවි ඈ නාඩගම් මණ්ඩපේ
රෑ තුන්යමේ මේ රංගනේ
ආනන්ද වේ ප්‍රීති ඝෝෂා නැගේ

වෙස්සන්තර බිසෝ නුඹව දන් දෙන්න බෑ නාටකේ

රූ සෝබා අලංකාරේ උන්මාද වේ ජීවිතේ
රන් පුන්සඳ වැනි බිසොවුන් රූ සිරි

නැතිදා පලක් වේද සිංහාසනේ

ෙස්සන්තර බිසෝ නුඹව දන් දෙන්න බෑ නාටකේ

රජ මාළිගේ සම්පත් හැරා

මා හා ගිය සේම දුරු මාවතේ
සසරේ සරා පෙරුමන් පුරා
ආලෙන් බැඳී එන්න මගෙ දේවියේ

රජ මාළිගේ සම්පත් හැරා
මා හා ගිය සේම දුරු මාවතේ
සසරේ සරා පෙරුමන් පුරා
ආලෙන් බැඳී එන්න මගෙ දේවියේ

වෙස්සන්තර බිසෝ නුඹව දන් දෙන්න බෑ නාටකේ

රූ සෝබා අලංකාරේ උන්මාද වේ ජීවිතේ
රන් පුන්සඳ වැනි බිසොවුන් රූ සිරි

නැතිදා පලක් වේද සිංහාසනේ",මන්දාරමේ දේදුන්න සේ,දේදුන්න,අලංකාරය,ඇය ඉතා ලස්සන වේ .,පායාවි ඈ නාඩගම් මණ්ඩපේ,පායනවා ,පැමිණෙනවා ,ඇය මණ්ඩපයට පැමිණෙනවා 
Issara Adi Kaale,ඉස්සර ආදිකාලේ,2004,Keerthi Pasquel,කීර්ති පැස්කුවෙල්,Keerthi Pasquel,කීර්ති පැස්කුවෙල්,"ඉස්සර ආදිකාලේ වයලා වියෝලේ
ඇහුවම නැටෙන තාලයේ
මල් මල් බයිලා රාග කීවේ යාළුවේ
මේ වගෙ සතුටු සාදයේ
හා, කැපර්මිඤ්ඤ මායි බනාජී
අර බැගර්, මැලේ, දවුන ජිවාජී
කපිරිඤ්ඤ, බයිලා ගයා, වයාලා
ලලයි ලාල කියමු, නටාලා
හැඩවැඩ සාය, හැට්ටෙ, බොස්තරැක්කයේ
ලස්සන තවම පේනවා
රොසලින්, ඩොරීන්, දෝන, මේරි, සුසානා
දකින්න ආස හිතෙනවා
හා, කැපර්මිඤ්ඤ මායි බනාජී
අර බැගර්, මැලේ, දවුන ජිවාජී
කපිරිඤ්ඤ, බයිලා ගයා, වයාලා
ලලයි ලාල කියමු, නටාලා
ට්රැන්ගල්, කොන්ගො, බොන්ගො, බැන්ජො, රබානී
නාදය තවම ඇහෙනවා
අළුතෙන් ඇතත් රාග තාල ඇසීලා
මේවත් බොහොම වටිනවා
හා, කැපර්මිඤ්ඤ මායි බනාජී
අර බැගර්, මැලේ, දවුන ජිවාජී
කපිරිඤ්ඤ, බයිලා ගයා, වයාලා
ලලයි ලාල කියමු, නටාලා
පෙර සිට පැවතෙන රසපද තවම තියේවී
කලියුග කාලේ මේ වගේ
ඉපැරණි දේකට අද ඇති අගය පෙනේවි
මේ හැටි දියුණු ලෝකයේ
හා, කැපර්මිඤ්ඤ මායි බනාජී
අර බැගර්, මැලේ, දවුන ජිවාජී
කපිරිඤ්ඤ, බයිලා ගයා, වයාලා
ලලයි ලාල කියමු, නටාලා
හා, කැපර්මිඤ්ඤ මායි බනාජී
අර බැගර්, මැලේ, දවුන ජිවාජී
කපිරිඤ්ඤ, බයිලා ගයා, වයාලා
ලලයි ලාල කියමු, නටාලා",ඇහුවම නැටෙන තාලයේ,නැටුම්,සතුට,එහි ඇති සුන්දරත්වය නිසා ඇසෙන විට එය ශ්‍රාවකයන් නර්තන ශිල්පීන් බවට පත් කරයි.,මල් මල් බයිලා රාග කීවේ යාළුවේ,මල ,ආදරය ,ආදරය ගැන බයිලා කියූ බව 
Sihina Thotupola Adare,සිහින තොටුපළ ආදරේ,2001,Manjula Prabhat Hettiarachi,මංජුල ප්රභාත් හෙට්ටිආරච්චි,Keerthi Pasquel,කීර්ති පැස්කුවෙල්,"සිහින තොටුපළ ආදරේ
නවාතැන මතු ජීවිතේ ඔබයි ...ඔබගේ සිනාවයි ....
සතපවා හිස ඔබෙ ළයේ කියන්නද .....හ්ම්..හ්ම්ම්..හ්ම්ම්..
කියන්න ද බැඳි ආදරේ ....
සඳුන් අරණක සිහිළ කුමටද
සිත් අරණ සිහිලස ගෙනේ
මියුරු සත්සර වැයේ හදගැබ පෙර නුහුරු තාලෙට ප්‍රියේ
මෙතෙක් දවසක් නොකී රහසක්
කියන්නද ...හ්ම්..හ්ම්ම්..හ්ම්ම්
කියන්න ද තෙරපෙන ළයේ.....
තුෂර බිඳු මත අරුණ වගුරන
උදා හිරු වී ජීවිතේ
හිඳින්නම් ඔබ පිපේනම් සියපතක් වී හද විල්දියේ..
සසරෙ මතු හැම භවෙක හමුවී
කියන්නද ...හ්ම්...හ්ම්ම්..හ්ම්ම්..
ඔබට පමණයි ආදරේ ...
සිහින තොටුපොළ ......",සඳුන් අරණක සිහිළ කුමටද,ස්වභාවික වනාන්තරය,නිදහස් මනස,භයානක සිතිවිලිවලින් තොර මනසක් ඉතා නිදහස් බවක් දැනේ.,මියුරු සත්සර වැයේ හදගැබ පෙර නුහුරු තාලෙට ප්‍රියේ,සංගීතය ,සතුට ,සිතට ආදරය සම්බන්ද සතුටත් ඇතිවූ බව 
Hithuwewath nathi dawasak,හිතුවෙවත් නැති,2010,Unknown,Unknown,Shalitha,ශාලිත ,"හිතුවෙවත් නැති දවසක
හිතන් නැතිවම ලං වුනා
අතීතයෙ දුර ඈතක
ආදරේ මග වැරදුනා...//
අපි අපිම අද ආයෙම
...හමුවුනා ඒ පාරෙම...//

අපි හමුවුනා ඒ පාරෙම
අපි හමුවුනා ඒ පාරෙම...

මල් යාය මැලවුනා
මල් දෙවැට හැඩි වුනා
සමනල්ලු ඉහ හැරුණු අත ගියා
අපි ආයේ නොයෙනා නිසා...//

හිතුවෙවත් නැති...//

නිල් අහස කළුවුනා
ඉකිගඟහා වැලපුනා
කදුලින්ම පිරුණු වැව බොරවුනා

අපි නිතර ආව ගිය තැන නිසා...//

හිතුවෙවත් නැති...//","මල් යාය මැලවුනා
මල් දෙවැට හැඩි වුනා
සමනල්ලු ඉහ හැරුණු අත ගියා

",සොබාදහම,විරහව,ආදරණීය පෙම්වතුන් සමුගන්න,"නිල් අහස කළුවුනා
ඉකිගඟහා වැලපුනා
කදුලින්ම පිරුණු වැව බොරවුනා", අහස ,විරහව,ආදරණීය පෙම්වතුන් සමුගන්න
aadambarai baluwama nm,ආඩම්බරයි බැලුවනම්,2010,Unknown,Unknown,sureni de silva,සුරේනි ද සිල්වා ,"ආඩම්බරයි බැලුවම නම්
හොරැහින් බලන්නෙ ඇයි එහෙනම්
කම්මුල් සිඹින්න මගෙ හොද නම්
ආලෙන් වෙලෙන්න ඇයි තහනම්

පෙම් හසරැල් ඔබ රැදුනේ - නිල් යායක රැස් වාගේ
ඔබ සිත මා තුරුලේ - නැලවුනු හැටි මගෙ මතකේ
තාමත් ඇත අද වාගේ - ඉන්නම් සැමදා ඔබගේ
සෙවනැල්ලක් වී සසරේ - අවසානය තෙක්ම හදේ

තනිකම නැතිකර සැමදා මට ලංවූවා ඔබ සෙවනේ
ඔබ සිනහව මා හදේ රැදුනේ
නෙතු දහසක් අතරින් ඔබ මා දුටුවේ
මට ලංවී කියු දෙය මතකේ තවම රැදේ

දුක සිතෙන්නේ අපටම පමණද
තව සුසුම් වල උණුසුම මොකටද
මට තියෙන්නෙ තනිකම තනියට
ඔබ සිඹින්නෙ මගෙ සිත විතරද",පෙම් හසරැල් ඔබ රැදුනේ - නිල් යායක රැස්,සොබාදහම,ආදරය,පෙම්වතා පෙම්වතිය වෙත ආකර්ෂණය වන්නේ පෙම්වතිය  විසින් ප්රකාශ කරන ප්රේමයේ වදන් නිසාය.,ඔබ සිඹින්නෙ මගෙ සිත විතරද, සිත සිඹීම​,ආදරය දැනීම​,ඔයා මට විතරද ආදරේ කරන්නේ?
Adare Kurutu,ආදරයේ කුරුටු,2009,Unknown,Unknown,Kasun Kalhara,කසුන් කල්හාර ,"ආදරේ කුරුටු ගෑ
නෙත පුරා කදුළු අතුරලා
හසගනාවියේ නුඹ ගියා
නෙතු මානයේ දුක තියා …

ආදරේ කුරුටු ගෑ
නෙත පුරා කදුළු අතුරලා
හසගනාවියේ නුඹ ගියා
නෙතු මානයේ දුක තියා …

පෑයදුල් නෙතු විලේ සතපවා
මා ඔ‍බේ වසගයට ගෙන තබා
හසගනාවියේ නුඹ ගියා
නෙතු මානයේ දුක තියා…

ආදරේ කුරුටු ගෑ
නෙත පුරා කදුළු අතුරලා
හසගනාවියේ නුඹ ගියා
නෙතු මානයේ දුක තියා …

රෑ අනත් සිහිනයේ සැඟවිලා
හිතගාව මතක මල් වැහි සලා
හසගනාවියේ නුඹ ගියා
නෙතු මානයේ දුක තියා.

ආදරේ කුරුටු ගෑ
නෙත පුරා කදුළු අතුරලා
හසගනාවියේ නුඹ ගියා
නෙතු මානයේ දුක තියා …","පෑයදුල් නෙතු විලේ සතපවා
මා ඔ‍බේ වසගයට ගෙන තබා

",මිනිස් හැසිරීම,මුලාව,කාන්තාවගේ චමත්කාරය යොදා ගනිමින් තරුණයා රැවටීම,ආදරේ කුරුටු ගෑ, කුරුටු ගෑ,නැවතීම ,ආදරය අවසන් කිරීම 
පැහැසර ඔබේ ආදරේ,පැහැසර ඔබේ ආදරේ,2010,Unknown,Unknown,centigradz,සෙන්ටිග්‍රේට් ,"මන්දාරම් වැහිපොද හිරිකඩ මගෙ සියොලඟ රන්දාලා
උන් අප ආගිය මග වගතොට මතක අගුලු හැරදාලා
වාවන්නට බැරිතැන දුක්කඳ දෙනෙත් පියන් කවුළු කඩා
දෝරෙගලා ගියඋනු කඳුලැලි වියලි දෙතෙල් මත වැටුනාපැහැසර ඔබේ ආ... දරේ... මන්දාරම් අඳුරේ වෙලී
සැඟවී ගිය ඔබෙ සෙනහේ... හද රිද්දනවා රහසේමැලවුනු මගෙ දෙතොලෙහි රැඳි තතු සැමගෙන් සඟවා ඉන්න
ඔබ නොමැතිව සිනහනගනයුරු මට කියා දී යන්න
උමතුව අද විලාපදෙන හඬ අහගෙන ඉන්... න
බිඳකට ඇවිදින් මගෙ ලය... මත ඔය සවන තියන්නපැහැසර ඔබේ ආදරේ මන්දාරම් අඳුරේ වෙලී
සැඟවී ගිය ඔබෙ සෙනහේ හද රිද්දනවා රහසේ",මන්දාරම් වැහිපොද හිරිකඩ මගෙ සියොලඟ රන්දාලා,වැස්ස,තනිකම,ජීවිතයට අවශ්‍ය මොහොතේ කිසිදු බැඳීමක් නොමැති වීම.,"මන්දාරම් අඳුරේ වෙලී
සැඟවී ගිය ඔබෙ සෙනහේ",අඳුර​,​ වෙන්වීම​,ආදරයේ මැකී යන මතකයන්
premaye munivariya,ප්‍රේමයේ මුනිවරය,2009,ravii siriwardhana,රවී සිරිවර්ධන,Kasun Kalhara,කසුන් කල්හාර ,"ප්‍රේමයේ මුණිවරිය
අත නෑර ළග සිටිය
සසල ලොව ළගනිසල සනහස පිදුව 
ඔබ ප්‍රේමයේ මුණිවරිය ජීවිතේ මහ පුදුම කවි පොත
ප්‍රේමයෙන් පුරවා තබන අතරේ
අත හැරීමක මිහිර තැවරූකවි කොතෙක් තිබුණාද?
ඔබ ඇසුරේ… 
මිනිස් ගුන සුවදින් පහන් වුණු
ඔබේ එළියෙන් – මම නිවෙන 
අතරේඒ එළිය පතුරා- තැනින් තැන
ඔබ පහන් දැල්වූ අරුම අදුරේ",ඔබ ප්‍රේමයේ මුණිවරිය ජීවිතේ මහ පුදුම කවි පොත,මිනිස් හැසීරීම,රහස් ජිවිතය,ඔබ ආදරයේ වචනය රකින විට ඔබ ගත කරන රහස් ජීවිතය,,,,
Andure,අදුරේ,2009,Namal Jayasinghe,නමල් ජයසින්හ,Kasun Kalhara,කසුන් කල්හාර ,"අඳුරේ මැදියමේ
නිදි වරා
වැපිරූ සිහිනේ
කඳුළු අතුරා
පුළිඟු සැඟවූ සිහිනේ
මොහොතක් ගැවසෙන්න
අහම්බෙන්වත් හමුවී යමුද
වචනයක් කියනවද
තව එක දවසක් ගෙවා ගන්න
සිහින අතැර ගිය ජීවිතේ
මරණ ආගාධයේ තනිකමේ
හිඳිමි මම
ඔබද එය දන්නවා
සිහින සොහොන ළඟ ජීවිතේ
නොමළ සිත සමග තනිකමේ
හිඳිමි මම
ඔබද එය දන්නවා
මොහොතක් ගැවසෙන්න
අහම්බෙන්වත් හමුවී යමුද
වචනයක් කියනවද
තව එක දවසක් ගෙවා ගන්න
සොඳුරු ලෝකාන්තය මුදුනතේ
මතක භශ්මයන් හද දරා
හිඳිමි මම
ඔබද එය දන්නවා
නොඑනා සෘතුවක බර දරා
අහිමි හුස්මකට ළය අයා
හිඳිමි මම
ඔබද එය දන්නවා
මොහොතක් ගැවසෙන්න
අහම්බෙන්වත් හමුවී යමුද
වචනයක් කියනවද
තව එක දවසක් ගෙවා ගන්න",පුළිඟු සැඟවූ සිහිනේ,පුළිඟු,වේදනාවන්,වේදනාකාරී කඳුළු සගවාගෙන ඒ හරහා ජීවිතය ගොඩනැගීම,පුළිඟු සැඟවූ සිහිනේ,පුළිඟු ,ප්‍රශ්න  ,ප්‍රශ්න සගවාගෙන සිටීම 
Me Heenaye,මේ හීනයේ,2009,Charith Nidarsha,චරිත් නිදර්ශා,Kasun Kalhara,කසුන් කල්හාර ,"සිහින නිම්තෙරේ
නෙත් පුරා හැඟුම් පිරේ
සිහින නිම්තෙරේ
නෙත් පුරා නුරා හැඟුම් පිරේසුරංගනා නගරයේ
නිම් නැති මාවතේ
අතරමං වෙලා
මේ හීනයේ
අතරමං වෙලා
නුහුරු නිම්නයේ
මේ හීනයේ
අතරමං වෙලානෙක පෑ හැන්දෑවක් නැවතීලා
පියවිය නෙතු ඇත් හැර
මත් වූ නෙත්සරයක් දැවටීලා
සීතල සිතුවිල්ලෙක
හැඟුමන් ඇහැරීලා
ප්රේමණීය රිද්මයේනාඳුනනා සිනා
ආරාධනා ගෙනා
නාඳුනනා සිනා
ආරාධනා ගෙනා
මේ හීනයේ
අතරමං වෙලාඅතරමං වෙලා
මේ හීනයේ
අතරමං වෙලා
නුහුරු නිම්නයේ
මේ හීනයේ
අතරමං වෙලා",අතරමං වෙලානෙක පෑ හැන්දෑවක්,හැන්දෑවක්,ජිවිතයේ අවසන් කාලය,ජීවිතයේ අවසානය කරා අරමුණක් නොමැතිව ළඟා වේ,මත් වූ නෙත්සරයක් දැවටීලා,නෙත්සරය,බැල්ම ,තදින් බැලීම 
pana senehasa,පනා සෙනෙහස,2009,Unknown,Unknown,Dushyanth Weeraman,දුෂ්‍යන්ත වීරමන් ,"පානා සෙනෙහස ඇල්මෙන් ඉබගෙන

ඉන්න නුඹට බැරිනම්
කීවා නාහන සිත වාගෙන
අදුරෙම මම ඉන්නම්

විස ගෝර සර්ප විමනෙ
බිය නැති බොම ලදුනේ
තනිකමෙන් නිදන නුබගේ
කටු ඇනේවි සිරි යහනේ

විස ගෝර සර්ප විමනෙ
බිය නැති බොම ලදුනේ
තනිකමෙන් නිදන නුබගේ
කටු ඇනේවි සිරි යහනේ

සත් පියුමන් මත

නුඹ අඩ සදකි (harmony)
ගැස්සෙන නුබෙ ලැම
මට මල් දමකි (harmony)

සත් පිරිවර මැද
කුමට වදින්නේ (harmony)
ගැස්සෙන මයෙ ලැම
මොටද බලන්නේ (harmony)

නානාවිද දුන් හී මානාගෙන

නුබට මසිත පිදුවත්
සේනා මොකටද නුඹෙ ඔය උනුහුම
වෙනකෙනෙකුට නොම දෙන්

නුඹ මද්‍රි දේවි වේ නම්
වෙස්සන්තර මම වෙන්නම්
සුන්දර නෑ එය එතරම්
සොදුරිය දැන් හිතන තරම්

නුඹ මද්‍රි දේවි වේ නම්
වෙස්සන්තර මම වෙන්නම්
සුන්දර නෑ එය එතරම්
සොදුරිය දැන් හිතන තරම්

සත් පියුමන් මත

නුඹ අඩ සදකි (harmony)
ගැස්සෙන නුබෙ ලැම
මට මල් දමකි (harmony)

සත් පිරිවර මැද
කුමට වදින්නේ (harmony)
ගැස්සෙන මයෙ ලැම
මොටද බලන්නේ (harmony)

(ආලප් - Female)
ආ......

සත් පියුමන් මත
නුඹ අඩ සදකි (harmony)
ගැස්සෙන නුබෙ ලැම
මට මල් දමකි (harmony)

සත් පිරිවර මැද
කුමට වදින්නේ (harmony)
ගැස්සෙන මයෙ ලැම
මොටද බලන්නේ (harmony)",විස ගෝර සර්ප විමනෙ,සර්ප විමානය,දූශිත සමාජය,ආදරය සතුට නැති සමාජයක ජීවත් වෙනවා.,කටු ඇනේවි සිරි යහනේ,කටු ,දුක ,පවුලේ දුක ප්‍රශ්න දැනේ 
kasthuru duwadaki,කස්තුරි සුවදකි,2007,Santhush Weeraman,සංන්තුශ් වීරමන්,Ashanthi,අශන්ති,"කස්තුරි සුවඳකි සත්තකින්ම

ඔබ සුලඟ විසින් ගෙන හැරුලූ
ඉස්සර සුසුමක සුවඳ මතක්
කර මා හද මැදටම හෙලපූ

සපුමල් සරසන රම්ය වසන්තය
නිමනොවනා ලෙස තණපූ
ලස්සන සිහිනෙක සත්තකින්ම
ඔබ කවුරුද ඔබ මා නොදුටූ

ලල ලල ලල ලල ලල්ල ලල්ල ලා.
ලල ලල ලල ලල ලල්ලා

මම තමා ඒ වසන්තයනම් ඔබ කරා ලංවූ

හැන්ගිලා හෝ පාව ඉන්නයි
මන් බලා ඉන්නේ......
මම තමා ඒ වසන්තයනම් ඔබ කරා ලංවූ
හැන්ගිලා හෝ පාව ඉන්නයි
මන් බලා ඉන්නේ......
ගිම්හානේ වාගෙ පාළුයි කවුරුත්ම නෑනේ යාළු
ඒ හිස් හදේ හි මතුවූ ලක්කාරයා ඔබලූ..

ගිම්හානේ වාගෙ පාළුයි කවුරුත්ම නෑනේ යාළු
ඒ හිස් හදේ හි මතුවූ ලක්කාරයා ඔබලූ..
කස්තුරි සුවඳක සත්තකින්ම

මම ඔබ පිළිබඳ හෙව්වා!",කස්තුරි සුවඳකි සත්තකින්ම,සොබාදහම,ආදරය,කාන්තාවකගේ ලස්සන ,"සපුමල් සරසන රම්ය වසන්තය
නිමනොවනා ලෙස තණපූ
",සොබාදහම,ආදරය,මනාලියක විසින් මනාලයෙකුගේ ජීවිතය අලංකාර කිරීම
Radical pramaya,රඩිකල් ප්‍රේමය,2004,Kasun Kalhara,කසුන් කල්හාර ,Kasun Kalhara,කසුන් කල්හාර ,"ආදරේ ගැනද කෙටි යෙදුම්
ජීවිතේ ගැනද මහා වැනුම්
රැඩිකල් ප්රේමයේ

සමනළ පියාපතකට දී රිදුම්
සයිඳවයින් පිට නැග
සිත මැවූ සශ්රීක හීන ඇගේ
විඳගන්න ඉඩ නොදී...

ආදරේ ගැනද කෙටි යෙදුම්
ජීවිතේ ගැනද මහා වැනුම්
රැඩිකල් ප්රේමයේ
සමනළ පියාපතකට දී රිදුම්

පාට වත්සුනු දියෙහී තැවරූ
පාෂාණිභූත මතකය ඇගේ
විඳගන්න ඉඩ නොදී...
ආදරේ ගැනද කෙටි යෙදුම්

පාෂාණිභූත මතකය ඇගේ
විඳගන්න ඉඩ නොදී...
ආදරේ ගැනද කෙටි යෙදුම්
ජීවිතේ ගැනද මහා වැනුම්
රැඩිකල් ප්රේමයේ
සමනළ පියාපතකට දී රිදුම්",සමනළ පියාපතකට දී රිදුම්,සමනල පියාපත්,මිනිස් හදවත,හදවතකට රිදුම් දීම,ආදරේ ගැනද කෙටි යෙදුම්,කෙටි යෙදුම්,විතුවිලි ,ආදරය ගැන නොසිතා සිටීම 
Daath vihidaa,ඈත් විහිදා,2004,Kasun Kalhara,කසුන් කල්හාර ,Kasun Kalhara,කසුන් කල්හාර ,"දෑත විහිදා ආදරෙන්
සිපගන්න මුළු ලෝකෙම
සිනහ නංවා මුව අගින්
සනසන්න දැවෙනා සිත

රුදුරු ගිණියම් පොලෝතලේ
සිහිලසක් සොයනා
විඩාබර දෑස් දල්වනා
මිනිසුනේ



දෑත විහිදා ආදරෙන්
සිපගන්න මුළු ලෝකෙම
සිනහ නංවා මුව අගින්
සනසන්න දැවෙනා සිත","රුදුරු ගිණියම් පොලෝතලේ
සිහිලසක් සොයනා
විඩාබර දෑස් දල්වනා
මිනිසුනේ",සොබාදහම,මිනිසෙකුගේ සිහින,මිනිසුන් ඔවුන්ගේ සිහින පසුපස හඹා යන්නේ ඉතා පීඩිත කාලයක ය,සිපගන්න මුළු ලෝකෙම,සිපගන්න ,හිතනවා ,මුළු ලෝකයම ගැන සිතීම 
sanda sanda vage,සද සද වගේ,2004,Kasun Kalhara,කසුන් කල්හාර ,Kasun Kalhara,කසුන් කල්හාර ,"සඳ සඳ වගේ
තරු තරු වගේ
මල් මල් වගේ
අපි අපි වගේ…

සඳ සඳ වගේ
තරු තරු වගේ
මල් මල් වගේ
අපි අපි වගේ…

ඔබ මා නොවන තුරු
මම ඔබ නොවන තුරු
ඔබ ඔබම දැයි
මම මමම දැයි…

සඳ සඳ වගේ
තරු තරු වගේ
මල් මල් වගේ
අපි අපි වගේ…

ඔබ මා නොවන තුරු
මම ඔබ නොවන තුරු
ඔබ ඔබම දැයි
මම මමම දැයි

සඳ සඳ වගේ
තරු තරු වගේ
මල් මල් වගේ
අපි අපි වගේ…","සඳ සඳ වගේ
තරු තරු වගේ
මල් මල් වගේ
අපි අපි වගේ…
",සොබාදහම,මිනිස් ජීවිත,තමන්ගේම ලක්ෂණ පවත්වා ගැනීම.,,,,
rea akaseta,රෑ ආකාසෙට ,2004,Ranindu,රනිදු ,Ranindu,රනිදු ,"රෑ ආකාසෙට අයිතිකාර නුඹ
ඇයි මගේ අහසට තනියම ආවේ
කඩා වැටෙන මගේ සීතල දෙනෙතට
ආදරේ පුරවන්න ද ආවේ

රෑ ආකාසෙට අයිතිකාර නුඹ
ඇයි මගේ අහසට තනියම ආවේ
කඩා වැටෙන මගේ සීතල දෙනෙතට
ආදරේ පුරවන්න ද ආවේ

රෑ ආකාසෙට අයිතිකාර නුඹ
ඇයි මගේ අහසට තනියම ආවේ
කඩා වැටෙන මගේ සීතල දෙනෙතට
ආදරේ පුරවන්න ද ආවේ

රෑ ආකාසෙට අයිතිකාර නුඹ
ඇයි මගේ අහසට තනියම ආවේ
කඩා වැටෙන මගේ සීතල දෙනෙතට
ආදරේ පුරවන්න ද ආවේ

පින්නට බය වෙන්න එපා
සීතලයි තමයි ඒත් ඒ කඳුළු නෙමේ
ඒ සීතලට උණසුම්ව ආදරේ කරමු

මම මියෙනතුරා මගෙ දිවිය පුරා
ඔබ යන්න එපා රෑ අහසට ආයේ
මිය යමු එකතැන ආදරයේ නාමෙන්
සසර පුරුද්දට පෙර වාගේ

මම මියෙනතුරා මගෙ දිවිය පුරා
ඔබ යන්න එපා රෑ අහසට ආයේ
මිය යමු එකතැන ආදරයේ නාමෙන්
සසර පුරුද්දට පෙර වාගේ

පින්න අයිති රෑටයි
රෑ අයිති සඳටයි
සඳ අයිති අපටයි … සඳ අයිති අපටයි

මම මියෙන තුරා",රෑ ආකාසෙට අයිතිකාර නුඹ,රෑ අහස,තරුනයෙකුගේ ජිවිතය,කඩාවැටුන ජීවිතයට ඇති පුද්ගලයෙක් සමග ආදරෙන් බැදී ඇත ,"පින්නට බය වෙන්න එපා
සීතලයි තමයි ඒත් ඒ කඳුළු නෙමේ
",පින්න,තනිකම,"තනිව සිටීමට පුරුදු වන්න, එය ජීවිතයේ කොටසක් පමණි"
Punsanda Raata,පුන්සඳ රෑට,2003,Ratha Sri Wijesinghe,රත්න ශ්‍රී විජේසිංහ ,"Nirosha Virajini
",නිරෝෂා විරාජිනී ,"පුන්සඳ රෑට ඇවිදින් හේනේ කළුව බිඳ
රන්කෙදි සේම රන්වන් ඉරිගු ඉඹිනවද
තුන්යම හීන දැක දැක මොටදැයි ගෙදර හිද
රන්කද තාම පැල් රකිනවාදෝ නිදි නැතිව
නිල් තරු රෑන ඉඟි බිඟි පාන අහස යට
පිල්කඩ උඩම ඇලවී ඉන්න හිතයි මට
මී අඹ කන්න ගිරවුනි එන්න එපා හෙට
මල් පිපුනාට ගෙඩි නෑ තාම අඹ ගහට
පුන්සඳ රෑට ඇවිදින් හේනේ කළුව බිඳ
රන්කෙදි සේම රන්වන් ඉරිගු ඉඹිනවද
තුන්යම හීන දැක දැක මොටදැයි ගෙදර හිද
රන්කද තාම පැල් රකිනවාදෝ නිදි නැතිව
රන් කඳ සේම පින්සර මාගේ ඇතු නිදන
රන් මල් යාන හීනෙන් දකින පින පමණ
තුන්පත් රෑන වේදෝ කොහොම අප දෙදෙන
රන් කැටි පුතුට ඉඩ මදි වාද මගෙ යහන
පුන්සඳ රෑට ඇවිදින් හේනේ කළුව බිඳ
රන්කෙදි සේම රන්වන් ඉරිගු ඉඹිනවද
තුන්යම හීන දැක දැක මොටදැයි ගෙදර හිද
රන්කද තාම පැල් රකිනවාදෝ නිදි නැතිව","පුන්සඳ රෑට ඇවිදින් හේනේ කළුව බිඳ
රන්කෙදි සේම රන්වන් ඉරිගු ඉඹිනවද",සඳ ,ආලෝකය ,සඳ එළිය වැටී අඳුර පහව ගොස් ඇත,,,,
Nadunana Sihine,නාදුණන සිහිනේ,2003,Unknown,Unknown,"Nirosha Virajini
",නිරෝෂා විරාජිනී ,"නාදුණන සිහිනේ

සාගරය විලසේ
දුර ඇතටම ඇදුනේ
රළ පාවෙවී බිදුණේ
වේදනා නංවා

ආදරේ හංගා

මගේ හද පතුලේ

සාගරය තරමේ
මගේ ආදරය රැදුණේ
ඔබ නැ එලෙස බැදුනේ
දුක වැඩි හින්ද

මම ඉකිබින්දා
දුක වැඩි හින්ද
මම ඉකිබින්දා

නාදුණන සිහිනේ

මහ සාගරය විලසේ


ආදරය හමුවේ

ආ ගමන සිහිවේ
දුර යාහැකිද සෙනෙහේ
සිත වාවණුය බැරිවේ
හඩනා යාමේ
මා තනිවුයේ

මා හදට දැනුනේ

මා ලගම රැදුනේ
මුදු මේ සුවද විතරයි
රුදු මේ කදුළු බිදුවයි
කදුල මට මිතුරුයි
තනිය මට උරුමයි
කදුල මට මිතුරුයි
තනිය මට උරුමයි

නාදුණන සිහිනේ
මහ සාගරය විලසේ","නාදුණන සිහිනේ
සාගරය විලසේ
දුර ඇතටම ඇදුනේ
රළ පාවෙවී බිදුණේ",සාගරය ,වේදනාව ,දුක දැනුන බව ,"සාගරය තරමේ
මගේ ආදරය රැදුණේ",සාගරය,ආදරය ,මම ඒකට ගොඩක් ආදරේ කළා
Kolamba duwanniye,කොළඹ දුවන්නියේ,2006,Dileepa Abesekara,දිලීප අබේසේකර ,Samitha Mudunkotuwa,සමිතා මුදුන්කොටුව ,"කොළඹ දුවන්නියේ....
හෙට පාන්දර ඇවිත්
මං එනතුරු ඉෂ්ටේෂමේම නැවතී ඉඳපං
කීවාම මොකද බං
මටනම් බයත් හිතේ දැන්
උඹ වගේ ගමන් ගිහින් නෑනෙ මං...

කොළඹ දුවන්නියේ....
හෙට පාන්දර ඇවිත්
මං එනතුරු ඉෂ්ටේෂමේම නැවතී ඉඳපං
කීවාම මොකද බං
මටනම් බයත් හිතේ දැන්
උඹ වගේ ගමන් ගිහින් නෑනෙ මං...

හෙට යාළු රැළක් නුඹ එක්කල නඩේ ගැහෙන්නේ

ඔය කොළඹ රටේ රජුන් හිටන් නුඹ අඳුනන්නේ
එහෙ අළුත් යාළුවොත් මට මුණගැහෙයිද මන්දා
ගං ගොඩේ ඉතින් මේ ගැන කුචු කුචු ගාන්නෙපා
ගං ගොඩේ ඉතින් මේ ගැන කුචු කුචු ගාන්නෙපා

කොළඹ දුවන්නියේ....

හෙට පාන්දර ඇවිත්

මං එනතුරු ඉෂ්ටේෂමේම නැවතී ඉඳපං
කීවාම මොකද බං
මටනම් බයත් හිතේ දැන්
උඹ වගේ ගමන් ගිහින් නෑනෙ මං...

දිග පීළි උඩින් කොහොමද උඹ නොවැටී යන්නේ
බිං ගෙවල් මැදින් කළුවරේම පාර දකින්නේ
මග නොදැන ගිහින් මමත් පීළි පනීද මන්ද
අනෙ එහෙම වුණොත් මේ මෝඩිට හූ කියන්නෙපා
අනෙ එහෙම වුණොත් මේ මෝඩිට හූ කියන්නෙපා

කොළඹ දුවන්නියේ....
හෙට පාන්දර ඇවිත්

මං එනතුරු ඉෂ්ටේෂමේම නැවතී ඉඳපං
කීවාම මොකද බං
මටනම් බයත් හිතේ දැන්
උඹ වගේ ගමන් ගිහින් නෑනෙ මං...

කොළඹ දුවන්නියේ....
හෙට පාන්දර ඇවිත්
මං එනතුරු ඉෂ්ටේෂමේම නැවතී ඉඳපං
කීවාම මොකද බං
මටනම් බයත් හිතේ දැන්
උඹ වගේ ගමන් ගිහින් නෑනෙ මං...",කොළඹ දුවන්නියේ,කොලඹ යන කෙනෙක් ,දුම්රිය ,කොලඹ දුම්රිය ,මග නොදැන ගිහින් මමත් පීළි පනීද මන්ද,පිලී පනිනවා ,වැරදි කරනවා ,මමත් වැරදි කරාව්දෝ නොදනී 
Pipichcha Mal Uda,පිපිච්ච මල් උඩ,2002,Preethi Randeniya,ප්‍රීති රංදෙණිය ,Samitha Mudunkotuwa,සමිතා මුදුන්කොටුව ,"පිපිච්ච මල් උඩ වැටිච්ච පිනි පොද
හිතිච්ච දේ කර දෙයි
මැරිච්ච මල් ටික වැටිච්ච යුරු දැක
බටිච්චියක් දුවතෙයි ...//
පැලිච්ච දන් වල පිරිච්ච පැණි ටික
කිරිල්ලියක් උරතෙයි
තැලිච්ච දන් ගෙඩි විසික්ක කරමින්
නැටිච්චියෙක් නටතෙයි...//
වරිච්ච බිත්තියෙ හැදිච්ච කූඩුවෙ
කුරුළු පැටවූ නටතෙයි
තනත් තනෙන තම් දනත් තනෙන තම්
තාලෙට උන් නටතෙයි...//","පිපිච්ච මල් උඩ වැටිච්ච පිනි පොද
හිතිච්ච දේ කර දෙයි",සොබාදහම ,පිනි පොද,මල් මත වැටෙන පිනි බිංදු,නැටිච්චියෙක් නටතෙයි,නටන අයෙක් ,කුරුල්ලෙක් ,කුරුල්ලෙක් නටයි 
Soyanna Wasanawa Loke,සොයන්න වාසනාව ලෝකේ,2000,Unknown,Unknown,"Athula Adhikari, Samitha Mudunkotuwa","අතුල අදිකාරි, සමිතා මුදුන්කොටුව ","සොයන්න වාසනාව ලෝකේ...

ගයන්න වේදිකාවේ ගීතේ
සොයන්න වාසනාව ලෝකේ...
ගයන්න වේදිකාවේ ගීතේ
හා.... හා.... හා...හා.හා හහ් හහ් හහ් හහ්

සොයන්න වාසනාව ලෝකේ...
ගයන්න වේදිකාවේ ගීතේ
සොයන්න වාසනාව ලෝකේ...
ගයන්න වේදිකාවේ ගීතේ
හා.... හා.... හා...හා.හා හහ් හහ් හහ් හහ්

නීල නුවන් බමන වෙලා

ගීත නදින් ඔකඳ වෙලා
සීත රැයේ... පහස සොයා
සීන විමන් දොර හැරලා
කදුල සුසුම ඉවත හෙලන
සතුටු මොහොත උදා වෙලා
හා.... හහ් හහ් හහ් හහ්

සොයන්න වාසනාව ලෝකේ...

ගයන්න වේදිකාවේ ගීතේ
හා.... හා.... හා...හා.හා හහ් හහ් හහ් හහ්

පාර පුරා මල් වැටිලා

ඊට උඩින් දෙපා තබා
සීන ලොවේ.. තනි වීලා
ගීත නදින් මත වීලා
කදුල සුසුම ඉවත හෙලන
සතුටු මොහොත උදා වෙලා
හා.... හහ් හහ් හහ් හහ්

සොයන්න වාසනාව ලෝකේ...

ගයන්න වේදිකාවේ ගීතේ
සොයන්න වාසනාව ලෝකේ...
ගයන්න වේදිකාවේ ගීතේ
හා.... හා.... හා...හා.හා හා........",සීන විමන් දොර හැරලා,සීන විමන්,ආදරය ,ආදරයට ඉඩ දෙන්න,සීන විමන් දොර හැරලා,විමන් දොර,නිදහස් වෙලා ,සිතේ නිදහස ඇති වෙලා 
Adi seeye para gawa,අඩි සීයේ පාරගාව,2010,Shehan Galahitiyawa,ෂෙහාන් ගලහිටියාව ,"Chamara Weerasinghe
",චාමර වීරසිංහ ,"අඩි සීයේ පාරගාව

දුටුවා නඋඹෙ නුඹෙ නීල දෑස
සංකර නැති පිංකර ඇති
නෙළුම් පොඩිත්තී
මගෙ වාරෙ ආපුවාම
ආදරෙ ගැන විමසුවාම
වහන් නොවන් කිසිදවසක
කෝල ක හිතැත්තී
සසර පුරා ඔබව සොයා
ආවා වගෙ දැනෙන්නේ
ආල නුරා කෝල කතා
කවදද මට කියන්නේ
අඩි සීයේ පාර ගාව
දුටුවා නුඹෙ නීල දෑස
සංකර නැති පිංකර ඇති
නෙළුම් පොඩිත්තී

වැව් ඉස්මත්තේ පිණි පොද වැස්සේ

යනවිට වරලස විහිදාලා
හදවත අස්සේ සිතුවිලි ගැස්සේ
කොහොමද ඉන්නේ ඉවසාලා
බලන්න හඳහන් ගලපා
කියන්න කැමතිද කියලා
රන් සඳ වැනි පින්කඳ මගෙ
නෙළුම් පොඩිත්තී
රන් සඳ වැනි පින්කඳ මගෙ
නෙළුම් පොඩිත්තී
අඩි සීයේ පාරගාව
දුටුවා නුඹෙ නීල දෑස
සංකර නැති පිංකර ඇති
නෙළුම් පොඩිත්තී

මල මකරන්දේ බොල් පිණි නිල්ලේ

සුව හද පතුලට ගෙන්වාලා
මානෙල් පෙත්තේ සුසිනිඳු පැත්තේ
රුව මා නෙතගට කැඳවාලා
බලන්න හදහන් ගලපා
කියන්න කැමතිද කියලා
රන් සඳ වැනි පින් කඳ මගේ
නෙළුම් පොඩිත්තී
රන් ස්ඳ වැනි පින් කඳ මගේ
නෙළුම් පොඩිත්තී
අඩි සීයේ පාර ගාව
දුටුවා නුඹෙ නීල දෑස
සංකර නැති පිංකර ඇති
නෙළුම් පොඩිත්තී
මගෙ වාරේ ආපුවාම
ආදරෙ ගැන විමසුවාම
වහන් නොවෙන් කිසි දවසක
කෝලා හිතැත්තී
සසර පුරා ඔබව සොයා
ආවා වගෙ දැනෙන්නේ
ආල නුරා කෝල කතා
කවදද මට කියන්නේ
අඩි සීයේ පාර ගාව
දුටුවා නුඹෙ නීල දෑස
සංකර නැති පිංකර ඇති
නෙළුම් පොඩිත්තී",රන් සඳ වැනි පින්කඳ,පින්කඳ,ආදරවන්තිය ,ලස්සන කාන්තාව ,නෙළුම් පොඩිත්තී,නෙළුම ,කාන්තාව ,ලස්සන කාන්තාව 
Banjo raban,මැන්ජෝ රබන්,2006,Unknown,Unknown,Chamara Ranawaka,චාමර රණවක ,"මැන්ජෝ රබන් සද්දේ බංගලාවෙ ඇහෙනවා
වයින් බිබී බේබි හාමු සින්දු කියනවා
සීතල පිණි කැට අහසින් කඩන් වැටෙනවා
ආයා නටනකල් ආසයි බලන් ඉන්නවා
මැන්ජෝ රබන් සද්දේ බංගලාවෙ ඇහෙනවා
වයින් බිබී බේබි හාමු සින්දු කියනවා
සීතල පිණි කැට අහසින් කඩන් වැටෙනවා
ආයා නටනකල් ආසයි බලන් ඉන්නවා
මාළු බැදලා මස් පුච්චලා කෑම හදන්නේ
හැමට කලින් ආයා හොරෙන් ගෙනත් කවන්නේ
ඩිංග ඩිංග ආලවන්තකම් වැඩිවෙන්නේ
මුර කූඩුවේ එළි වෙනකම් හීන මවන්නේ
මාළු බැදලා මස් පුච්චලා කෑම හදන්නේ
හැමට කලින් ආයා හොරෙන් ගෙනත් කවන්නේ
ඩිංග ඩිංග ආලවන්තකම් වැඩිවෙන්නේ
මුර කූඩුවේ එළි වෙනකම් හීන මවන්නේ
මැන්ජෝ රබන් සද්දේ බංගලාවෙ ඇහෙනවා
වයින් බිබී බේබි හාමු සින්දු කියනවා
සීතල පිණි කැට අහසින් කඩන් වැටෙනවා
ආයා නටනකල් ආසයි බලන් ඉන්නවා
කණ්ඩි කපලා මැටි පාගලා ගෙයක් හදන්නම්
මූකලානේ මං ඇවිදලා හේන් කොටන්නම්
පොල්කටු මාලයක් දාලා ඔබ සරසන්නම්
පෝය එනවා ඊට කලින් කැන්දන් යන්නම්
කණ්ඩි කපලා මැටි පාගලා ගෙයක් හදන්නම්
මූකලානේ මං ඇවිදලා හේන් කොටන්නම්
පොල්කටු මාලයක් දාලා ඔබ සරසන්නම්
පෝය එනවා ඊට කලින් කැන්දන් එන්නම්
මැන්ජෝ රබන් සද්දේ බංගලාවෙ ඇහෙනවා
වයින් බිබී බේබි හාමු සින්දු කියනවා
සීතල පිණි කැට අහසින් කඩන් වැටෙනවා
ආයා නටනකල් ආසයි බලන් ඉන්නවා
මැන්ජෝ රබන් සද්දේ බංගලාවෙ ඇහෙනවා
වයින් බිබී බේබි හාමු සින්දු කියනවා
සීතල පිණි කැට අහසින් කඩන් වැටෙනවා
ආයා නටනකල් ආසයි බලන් ඉන්නවා
ආයා නටනකල් ආසයි බලන් ඉන්නවා
ආයා නටනකල් ආසයි බලන් ඉන්නවා",සීතල පිණි කැට අහසින් කඩන් වැටෙනවා,පිණි කැට,වැහි බිංදු ,සීතල වැස්ස,,,,
Duka hithenne ne,දුක හිතෙන්නෙ නෑ,2006,Unknown,Unknown,Chamara Ranawaka,චාමර රණවක ,"දුක හිතෙන්නෙ නෑ මට රන් මාල නෑ කියා

නොතෙමි ඉන්න රජ මාලිග ලැබුනෙ නෑ කියා..
ඉරිච්ච පන් පැදුර වියා ගන්න බැරි නිසා
දුක හිතෙන්නෙ සිරි යහනක් අපට නැති නිසා

දුක හිතෙන්නෙ නෑ මට රන් මාල නෑ කියා
නොතෙමි ඉන්න රජ මාලිග ලැබුනෙ නෑ කියා..
ඉරිච්ච පන් පැදුර වියා ගන්න බැරි නිසා
දුක හිතෙන්නෙ සිරි යහනක් අපට නැති නිසා


ලස්සන මල් කොතෙකුත් පිපුනාට වන පෙතේ
දුක විතරයි සතුට ලැබිල නෑනෙ ජීවිතේ

අම්මෙක් අප්පෙක් නොමැතිව ගියපු මාවතේ

අමුතු සතුට මේකයි ආදරේ මගෙ හිතේ

දුක හිතෙන්නෙ නෑ මට රන් මාල නෑ කියා

නොතෙමි ඉන්න රජ මාලිග ලැබුනෙ නෑ කියා..
ඉරිච්ච පන් පැදුර වියා ගන්න බැරි නිසා
දුක හිතෙන්නෙ සිරි යහනක් අපට නැති නිසා

රන් තරු පායපු ආකාසේ මට සුභ පතනා
විට නියර දිගේ එනකොට නුබ හිත කිති කැවුනා

මුලු බැද්ද කැකිරි මල් සුවදින්

ඉතිරිල තිබුනා
ගම්මානෙ හැදුනු දුප්පත් මට කඳුලු පිට උනා

දුක හිතෙන්නෙ නෑ මට රන් මාල නෑ කියා

නොතෙමි ඉන්න රජ මාලිග ලැබුනෙ නෑ කියා..
ඉරිච්ච පන් පැදුර වියා ගන්න බැරි නිසා
දුක හිතෙන්නෙ සිරි යහනක් අපට නැති නිසා

දුක හිතෙන්නෙ නෑ මට රන් මාල නෑ කියා
නොතෙමි ඉන්න රජ මාලිග ලැබුනෙ නෑ කියා..
ඉරිච්ච පන් පැදුර වියා ගන්න බැරි නිසා
දුක හිතෙන්නෙ සිරි යහනක් අපට නැති නිසා

දුක හිතෙන්නෙ සිරි යහනක් අපට නැති නිසා
දුක හිතෙන්නෙ සිරි යහනක් අපට නැති නිසා",නොතෙමි ඉන්න රජ මාලිග ලැබුනෙ නෑ කියා.,රජ මාලිග,නිවස,කරදර වලින් බේරෙන්න ධනය නොලැබුන බව ,"ලස්සන මල් කොතෙකුත් පිපුනාට වන පෙතේ
දුක විතරයි සතුට ලැබිල නෑනෙ ජීවිතේ",ලස්සන මල්,ධනය ඇති අය ,ධනය ඇති අය සිටියාට තමන්ට නොමැති බව 
Sanda langa,සඳ ලඟ,2012,Rinas Mohamed,රිනාස් මොහොමඩ් ,Manjula Pushpakumara,මංජුල පුෂ්පකුමාර ,"සඳ ලඟ, තරු ලඟ සිත රැඳුනා
මුතු ළඟ සිනහවේ වැසි වැටුනා
අහසක් වගේ පෙනෙනා
තරුවක් සිතේ පිපුණා
තනිකම සිතයට ඉකි ගසනා
හෙමිහිට හැම විට නුඹ පැතුවා
කෙළිලොල් නුවන් මවනා
නොයිඳුල් සිතුම් පිරුණා
දෙව් සිරියෙන් වැඩසිටියේ
මා සිත නුඹට බැඳී
හද කුටියේ සීගිරියේ
ගී ඇත කුරුටු ගැසූ
නුඹ මාගේ හද අරගන්
ළඟපාත ඉඳ හිනැහෙන්
පුර පෝය සඳ විලසින්
සිත් යාය මත පායන්
සිත් පතුලේ දිය සුලියේ
සිතුවිලි නුඹට රිසි
ආල රැයේ සිහින පිපේ
හීලෑ නොමැති සිතේ
ඔය දෑස කවි දහසක්
මුතු සීන මල් යායක්
තොල් සිඹින තත්පරයත්
රතු රෝස අක්කරයක්","ළඟපාත ඉඳ හිනැහෙන්
පුර පෝය සඳ විලසින්",පුර පෝය සඳ ,දීප්තිමත් ,"මා ළගින් සිටින්න, සිනාසෙන්න, සතුටින් සිටින්න.",නොයිඳුල් සිතුම් පිරුණා,නොයිඳුල් ,හානියක් නොවුන ,අලුතෙන් අදර සිතුම් පහළවීම 
Duraka thiyena hitha,දුරක තියන හිත ,2012,Unknown,Unknown,Manjula Pushpakumara,මංජුල පුෂ්පකුමාර ,"දුරක තියන හිත අරගෙන එන්න කියනව ද
ළඟක සිටින විට මට රිදවන්න හිතෙනව ද
මගෙ දිවියම එකලු කරන
සිනා සපිරි සඳ
සිනා සපිරි සඳ
ආදරයෙන් මොන තරමක් දුර ආවද අපි
ආදරයට තව බෝ දුර යන්න තියෙන හැටි
ඒ ආදරයෙන් ඇයිදෝ විඳවන්නේ අපි
දුරක තියන හිත අරගෙන එන්න කියනව ද
ළඟක සිටින විට මට රිදවන්න හිතෙනව ද
මගෙ දිවියම එකලු කරන
සිනා සපිරි සඳ
සිනා සපිරි සඳ
සාගරයේ රූ පස රූ වෙරලෙහි ඇත ගැටී
ඒ වෙරළට රළ පහරින් රිදවෙන්නේ නැති
ඇයි ද ඉතින් අපි විතරක් රිදවෙමු මේ හැටි
දුරක තියන හිත අරගෙන එන්න කියනව ද
ළඟක සිටින විට මට රිදවන්න හිතෙනව ද
මගෙ දිවියම එකලු කරන
සිනා සපිරි සඳ
සිනා සපිරි සඳ",සිනා සපිරි සඳ,සඳ ,පෙම්වතිය ,ආදරණීය පෙම්වතිය ,,,,
Pera Eka Dawasaka,පෙර එක දවසක,2014,Upali Danawalawithana,උපාලි ධනවලවිතාන ,Milton Mallawaarachchi,මිල්ටන් මල්ලවආරච්චි ,"පෙර එක දවසක සඳ නැති සවසක
ඔබ මා සමුගත් ඉවුරු තලාවේ
යළි අප හමුවේවා...
යළි අප හමුවේවා...
ආල හැඟුම් දෙන කොමල සිනාවෙන්
මගේ පැතුම් ලොව සසල කලා සේ
නීල නුවන් ඇති දෑල වලින් ඔය
තවත් ලොවක් ඔබ එළිය කලාවේ
පෙර එක දවසක සඳ නැති සවසක
ඔබ මා සමුගත් ඉවුරු තලාවේ
යළි අප හමුවේවා...
යළි අප හමුවේවා...
එකම වරක් හෝ නෙත සනසන්නට
ආශාවෙන් මා ඔබ දෙස බලලා
එකම වරක් නොව එක හෝරාවක
දහස් වරක් මා මනසින් හැඬුවා
පෙර එක දවසක සඳ නැති සවසක
ඔබ මා සමුගත් ඉවුරු තලාවේ
යළි අප හමුවේවා...
යළි අප හමුවේවා...",සඳ නැති සවසක,සඳ නැති,අමිහිරි ,එය ඉතා අප්‍රසන්න දවසක්,මගේ පැතුම් ලොව සසල කලා සේ,සසල ,විනාශ ,බලාපොරොත්තු නැති කල 
Sudu hansiye,සුදු හංසියේ,2006,Hemasiri Halpita,හේමසිරි හල්පිට ,"Ajith Bandara, Shihan Mihiranga Bennet","අජිත් බණ්ඩාර, ශිහාන් මිහිරංග ","සුදු හංසියේ මිහිරාවියේ
සුදු හංසියේ මිහිරාවියේ
මගෙ අත දවටා ඔබේ බඳ වටා
මා වෙත තව තව ඔබ ළං කරගෙන
නිර්මල හදවත මුමුණන රිද්මය
අහන්න කීවා
මතකද දවසක් දා...
සුදු හංසියේ මිහිරාවියේ
සුදු හංසියේ මිහිරාවියේ
ඔබේ ළඟම හැම දිනේ හිඳින්නම්
මම ඔබගේමයි ඔබ කීවේ
ඔබේ ළඟම හැම දිනේ හිඳින්නම්
මම ඔබගේමයි ඔබ කීවේ
ජීවිතය දැනෙන්නේ ඔබගෙන් බව මට
කියු හැටි යළි යළි මතකේ මැවේ
කියු හැටි යළි යළි මතකේ මැවේ
සුදු හංසියේ මිහිරාවියේ
සුදු හංසියේ මිහිරාවියේ
මගේ හීන ගිනි තබා මියෙන්නම්
ඔබ නොලැබීමයි මගෙ දෛවේ
මගේ හීන ගිනි තබා මියෙන්නම්
ඔබ නොලැබීමයි මගෙ දෛවේ
ආදරය තිබෙන්නේ විඳගන්නට මිස
දුක් විඳ විඳ විඳවන්න නොවේ
දුක් විඳ විඳ විඳවන්න නොවේ
සුදු හංසියේ මිහිරාවියේ
සුදු හංසියේ මිහිරාවියේ
මගෙ අත දවටා ඔබේ බඳ වටා
මා වෙත තව තව ඔබ ළං කරගෙන
නිර්මල හදවත මුමුණන රිද්මය
අහන්න කීවා
මතකද දවසක් දා
සුදු හංසියේ මිහිරාවියේ
සුදු හංසියේ මිහිරාවියේ","නිර්මල හදවත මුමුණන රිද්මය
අහන්න කීවා",නිර්මල හදවත,"ප්‍රේමය 
",හදවතට දැනෙන ප්‍රේමය,,,,
Neththara,නේත්තරා ,2005,Wasantha Dukgannarala,වසන්ත දුක්ගන්නාරාල,Bathiya And Santhush,භාතිය සහ සන්තුෂ්,"නේත්තරා නිදි නැති වෙන තරමට
ආල හැගුම් වැහිලා
හාන් කවිසියක් නොදන්න තාලෙට
අහක බලන් ඉදලා
තාක්ක තක දොං තරිකිට තකි දොං
තේක්ක මල් පිපිලා
අන්න බලන් සකි මෙන්න බලන් සකි
පාරට අතු නැමිලා
සේලේ මුතු මාලේ
හංග හංග සිබිමින්
හැංගි හැංගි සිටි කුන්ඩ සමන් පෙති
ඩිංග ඩිංග පිපියන්
ආලේ බැදි ආලේ දාලේ බිදුනාවේ
ආලේ බැදි ආලේ වින්ද දුකක් මෙතරම්
සේලේ මුතු මාලේ
හංග හංග සිබිමින්
හැංගි හැංගි සිටි කුන්ඩ සමන් පෙති
ඩිංග ඩිංග පිපියන්
ආලේ බැදි ආලේ දාලේ බිදුනාවේ
ආලේ බැදි ආලේ වින්ද දුකක් මෙතරම්
නේත්තරා නිසි පදමට ගැලපෙන
ගීත නාද කරලා
කෝන්තරේකට නොවෙ නැටුම් පද
වැයුවේ දිගුන් තියා
කාත් කවුරුවත් නොසිටි මගේ සිතට
නුඹේ අත්තටු සිදුනා
ආන්තරාවක් නොවී එකට සිටි
කාලය වෙනස් වෙලා
සේලේ මුතු මාලේ
හංග හංග සිබිමින්
හැංගි හැංගි සිටි කුන්ඩ සමන් පෙති
ඩිංග ඩිංග පිපියන්
ආලේ බැදි ආලේ දෑලේ බිදුනාවේ
ආලේ බැදි ආලේ
වින්ද දුකක් මෙතරම්
ආලේ බැදි ආලේ දෑලේ බිදුනාවේ
","කාත් කවුරුවත් නොසිටි මගේ සිතට
නුඹේ අත්තටු සිදුනා",සතුන් ,අදහස,මගේ සිතට නුබ ගැන අදහසක් ආවා ,,,,
Chandani Payala,චාන්දනී පායාලා,2005,Nilar N Cassim,නිලාර් එන් කැසිම්,Bathiya And Santhus,භාතිය සහ සන්තුෂ්,"චාන්දනී පායලා
සීත සැලුවා මේ රාත්රියේ
ජීවිතේ අවපසයි
මං තවම සීතල කළුවරේ
මේ කුළු මතින් ඇදී
ඔබ එන්න මා කෙරේ
ඔබ වේද මතුදාක
මා ලබන රම්බරී
චාන්දනී පායලා
සීත සැලුවා මේ රාත්රියේ
ජීවිතේ හිස්කමින්
තුන් යාමයේ
හිත් පෑරුනේ සත්තකින් ඔබය
හද රැන්දු සුරඹුන්
ඒ හැඟුම් කොයි ලෙසින් සිත්සේ
පවසම්ද සොඳුරේ
පෙම් හැඟුම් මතකයේ රංචු ගැහුනා
යටි හිතේ පොපියමින් හීන මැවුනා
පෙම් හැඟුම් මතකයේ රංචු ගැහුනා
යටි හිතේ පොපියමින් හීන මැවුනා
සන්සුන් සුසුම් ද කැළඹි
ඇයිද මොකදැයි ඇහුවා
රාගයේ චන්ද්ර හැඟුමන්
රණ්ඩු කෙරුවා
මං කෙසේ කොයි ලෙසේ මුමුණ
මේ ශෝක ගීතේ
කවුරුවත් දන්නෙ නෑ දැන් මේ
මං ඉන්නෙ හිරගේ
චාන්දනී පායලා
සීත සැලුවා මේ රාත්රියේ
ජීවිතේ අවපසයි
මං තවම සීතල කළුවරේ
මේ කුළු මතින් ඇදී
ඔබ එන්න මා කෙරේ
ඔබ වේද මතුදාක
මා ලබන රම්බරී
යන්තමින් නුවනඟින් කඳුළු එබිලා
දෙකොපුලෙන් හෙමි හෙමින් සීත ගැලුවා
යන්තමින් නුවනඟින් කඳුළු එබිලා
දෙකොපුලෙන් හෙමි හෙමින් සීත ගැලුවා
දිවි ගිම් නිවෙන්න පැතුවේ
මදුර ස්වරයයි ඔබගේ
ආදරේ හීනයක් නම්
හැබෑ නොවෙනා
මං කෙසේ දැවි දැවී ඉන්නෙ
මේ වේදනාවෙන්
ඇස් අගින් ඔබ ලියූ කවි ගී
මුමුණන්න මුවඟින්
ඔය මන්දහාසයෙන්
සැනහේවි ජීවිතේ
සෝතාප සඟවන්න
ඔබ එන්න ආදරෙන්
චාන්දනී පායලා
සීත සැලුවා මේ රාත්රියේ
ජීවිතේ අවපසයි
මං තවම සීතල කළුවරේ
මේ කුළු මතින් ඇදී
ඔබ එන්න මා කෙරේ
ඔබ වේද මතුදාක
මා ලබන රම්බරී
චාන්දනී පායලා
සීත සැලුවා මේ රාත්රියේ
ජීවිතේ හිස්කමින්
තුන් යාමයේ
හිත් පෑරුනේ සත්තකින් ඔබය
හද රැන්දු සුරඹුන්
ඒ හැඟුම් කොයි ලෙසින් සිත්සේ
පවසම්ද සොඳුරේ","කවුරුවත් දන්නෙ නෑ දැන් මේ
මං ඉන්නෙ හිරගේ",හිරගේ,හැකියාවන් ,කව්රුවත් නොදනී මා  කිසිවක් කරකියා ගත නොහැකිව සිටින අන්දම ,"සන්සුන් සුසුම් ද කැළඹි
ඇයිද මොකදැයි ඇහුවා",සුසුම් ,සිත ,සිත බය විය 
Paayaa Ena Sandawatha Manaram,පායා එන සඳවත මනරම්,2005,Wasantha Dukgannarala,වසන්ත දුක්ගන්නාරාල,Bathiya And Santhus,භාතිය සහ සන්තුෂ්,"පායා එන සඳවත මනරම්
තනිකමත් බෝම සීතයි
වාවාගෙන මහමෙරක තරම්
උණුසුමකින් තුරුළු වෙමි
දිවිය පුරා ලඟ හිඳ...
මා හා සංසාරේ වෙළෙනා
පිනි බිඳක් සේම පායයි
උණුසුමකින් තුරුළු වෙමි
සසර පුරා ලඟ ඉඳිමි
නොහඩනා දිනක් නොතිබුනාද මන්දා
ඔබ පෙම් හසුනක ලියනා
පෙම් කවි කීවෙමි මුමුණා
මඟ බලා හිදී නම්
පායා එන සඳවතක තරම්
තනිකමත් බෝම සීතයි
වාවාගෙන මහමෙරක් තරම්
උණුසුමකින් තුරුළු වෙමි
දිවිය පුරා ලඟ හිඳ
මා හා සංසාරේ වෙළෙනා
පිනි බිඳක් සේම පායයි
උණුසුමකින් තුරුළු වෙමි
සසර පුරා ලඟ ඉඳිමි
නොසැලෙනා සිතින් නෙලාගන්න තිබෙනා
නෙතු අද්දර මල් පිපෙනා
හැර යන්නට සිත නෙදෙනා
අපි අපේම වේ නම්
පායා එන සඳ සිසිල අරන්
මා හා ඉඳ ගං ඉවුර ලඟින්
උණුසුමකින් තුරුළු වෙමි
දිවිය පුරා ලඟ හිඳ
මා හා සංසාරේ වෙළෙනා
පිනි බිඳක් සේම පායයි
උණුසුමකින් තුරුළු වෙමි
සසර පුරා ලඟ ඉඳිමි",නොසැලෙනා සිතින් නෙලාගන්න තිබෙනා නෙතු අද්දර මල් පිපෙනා,සොබාදහම ,සතුට,දුටුවම සතුටක් දැනෙන මහන්සියෙන් අයිති කරගත යුතු ,තනිකමත් බෝම සීතයි,සිතල ,අපහසුව ,තනිකම ඉතාමත් අපහහු බව 
Meeduma Uthurana,මීදුම උතුරන,2005,Nilar N Kasim,නිලාර් එන් කාසිම්,Bathiya And Santhus,භාතිය සහ සන්තුෂ්,"මීදුම උතුරන සඳපානේ
මීවිත හිස් වෙයි මදු බඳුනේ
මීදුම උතුරන සඳපානේ
මීවිත හිස් වෙයි මදු බඳුනේ
පන්සිළු අා විලසින විගසේ
කන් කළුවෙන් සාදය සතොසේ
නන්දන උයනක වාගේ
නිම් නැති අත්තල නාදේ
නංවයි සක්සල රාවේ
නූපුර කිංකිනි ජාලා
නැලවෙන නර්තන සේනා
මිහිබට සුරඟුන් සේ මා
පිනවන දුටු දන සෑමා
සඳ සොමියෙන් වෑහුනා
සිත සිත රස ගෑවුනා
මන කොඳ මල් පීදුනා
දන මන පොබයන යාමේ
එලඹෙන දවසට ආයේ
දල්වයි දිවි අනුරාගේ
අඳුරට පුර හඳ වාගේ
සුව සිතිවිලි වෑහෙනා
රැය අඳුරෙන් ආ නිසා
සුභ සිහිනය යාවුනා
මීදුම උතුරන සඳ පානේ
මීවිත හිස් වෙයි මදු බඳුනේ
පන්සිළු අා විලසින විගසේ
කන් කළුවෙන් සාදය සතොසේ
නන්දන උයනක වාගේ
නිම් නැති අත්තල නාදේ
නංවයි සක්සල රාවේ",සඳ සොමියෙන් වෑහුනා,සතුට ,සොබාදහම ,සද බැබෙලෙමින්  පායලා ඇත ,"පන්සිළු අා විලසින විගසේ
කන් කළුවෙන් සාදය සතොසේ",පන්සිළු ,ගායකයා ,ඉතාමත් මිහිරි ගියක් ඇසෙන බව 
Hima Renu Wetena,හිමා රේණු වැටෙන,2008,Saman Chandranath Weerasinha,සමන් චන්ද්‍රනාත් වීරසින්හ,Latha Walpola,,"හිම රේණු වැටෙනා සීතලේ
නෙත ගාව රඳවා ආදරේ
සුදු සේළ සුළඟේ පා කලේ
ඔබ නේද මාගේ බිසෝ....

රන් තෝඩු සැලෙනා රාවයේ
සිත ගාව බැන්දූ මාළිගේ
රතු රෝස යහනා සෑදුවේ
මට නේද මගෙ මල්සරෝ....

මධු පානයක් සේ වෑහිලා
යනවාද දෙතොලේ ගෑවිලා....
මනමාළයන්ගේ චේතනා
නොකියාද පාලා සිනා....

හිම රේණු වැටෙනා සීතලේ
නෙත ගාව රඳවා ආදරේ
සුදු සේළ සුළඟේ පා කලේ
ඔබ නේද මාගේ බිසෝ....

රන් තෝඩු සැලෙනා රාවයේ
සිත ගාව බැන්දූ මාළිගේ
රතු රෝස යහනා සෑදුවේ
මට නේද මගෙ මල්සරෝ....

මුතු මාලයක්සේ යා උනේ
අපි ආත්ම ගනනේ පෑ සෙනේ....
මනමාලියන්ගේ චේතනා
පවසාවි දෑසේ ලතා....

රන් තෝඩු සැලෙනා රාවයේ
සිත ගාව බැන්දූ මාළිගේ
රතු රෝස යහනා සෑදුවේ
මට නේද මගෙ මල්සරෝ....

හිම රේණු වැටෙනා සීතලේ
නෙත ගාව රඳවා ආදරේ
සුදු සේළ සුළඟේ පා කලේ
ඔබ නේද මාගේ බිසෝ....",සිත ගාව බැන්දූ මාළිගේ,මාලිගය ,සිහිනය ,සිතින් හදාගත් සිහිනය ,අපි ආත්ම ගනනේ පෑ සෙනේ,ආත්මය ,දිගු කාලයක් ,දීගු කාලයක සිට ආදරය කල බව 
Ruwan Wala Wimane,රුවන් වළා විමනේ,2008,Ajantha Ranasinghe,අජන්තා රණසිංහ,Latha Walpola and H.R. Jothipala,ලතා වල්පොල සහ එච්.ආර්.ජෝතිපාල,"රුවන් වලා විමානේ
සිරි යහනාවෝ දුටුවාදෝ..
රුවන් වලා විමානේ
සිරි යහනාවෝ දුටුවාදෝ..

දෝතින් ඔබේ අරගන්න මා
සතපන්න ඒ යහනාවේ.
දෝතින් ඔබේ අරගන්න මා
සතපන්න ඒ යහනාවේ.

රුවන් වලා විමානේ
සිරි යහනාවෝ දුටුවාදෝ.

මේ දෑත සීතල ඇයිදෝ...
මට පවසන්න කොඳුරා ලඳේ..
නෑ තාම උණුසුම කුමරූ..
යමු තනිවෙන්න මිටියාවතේ..
ළංවෙන්න ලඟ ඉන්න කුමරී..
විලවුන් විජිතේ මගේ වාසනා..


රුවන් වලා විමානේ
සිරි යහනාවෝ දුටුවාදෝ
රුවන් වලා විමානේ
සිරි යහනාවෝ දුටුවාදෝ

දෝතින් ඔබේ අරගන්න මා
සතපන්න ඒ යහනාවේ.
දෝතින් ඔබේ අරගන්න මා
සතපන්න ඒ යහනාවේ.

රුවන් වලා විමානේ
සිරි යහනාවෝ දුටුවාදෝ.

කඳුයාය අතරේ සුහදේ..
පෙම් විහඟුන් පරාදීසයේ..
මධු චන්ද්‍ර ඇරයුම් ගයනා..
අර ඇසුනාද මනමාලියේ..

පවසන්න මට ලංව මුමුණා
මා පෙර නෑසූ පෙම් ගායනා..

රුවන් වලා විමානේ
සිරි යහනාවෝ දුටුවාදෝ
රුවන් වලා විමානේ
සිරි යහනාවෝ දුටුවාදෝ

දෝතින් ඔබේ අරගන්න මා
සතපන්න ඒ යහනාවේ.
දෝතින් ඔබේ අරගන්න මා
සතපන්න ඒ යහනාවේ.

රුවන් වලා විමානේ
සිරි යහනාවෝ දුටුවාදෝ
රුවන් වලා විමානේ
සිරි යහනාවෝ දුටුවාදෝ

දෝතින් ඔබේ අරගන්න මා
සතපන්න ඒ යහනාවේ.....
","නෑ තාම උණුසුම කුමරූ
යමු තනිවෙන්න මිටියාවතේ",සොබාදහම ,යහන ,උණුසුම විදගන්න යහනට ආරාධනා කිරීම,විලවුන් විජිතේ මගේ වාසනා..,විජිතය ,සුවද ,ඇය  ඉතාමත් සුවද බව 
Sudata Sude,සුදට සුදේ,2003,Arisen Ahubudu,අරිසෙන් අහුබුදු ,Latha Walpola,ලතා වල්පොල,"සුදට සුදේ වලාකුලයි
නිල් අහසේ පාවෙන්නේ
කන්ද උඩින් පනිවිඩයයි
පුතුට මගේ ගෙන එන්නේ
දොයි දොයි දොයි දොයිය පුතා
බයි බයි බයි බයිය පුතා
සුරන්ගනා වනුයි වලා
කුලු ඔසවාගෙන එන්නේ
හඳ මාමයි සිනා සිසී
රිදීපාර අල්ලන්නේ
දොයි දොයි දොයි දොයිය පුතා
බයි බයි බයි බයිය පුතා
හන්දපානේ මඳ සුලගයි
එපනිවිඩය කියවන්නෙ
අහසේ රන් තරු අකුරින්
දෙවියන් එය ලියවන්නේ
දොයි දොයි දොයි දොයිය පුතා
බයි බයි බයි බයිය පුතා
තව මුහුනකි පුතුගෙ වගේ
කන්දේහී බැබලෙන්නෙ
ඒ මූනයි මේ මූනයි
තව ටිකකින් සිප ගන්නෙ
දොයි දොයි දොයි දොයිය පුතා
බයි බයි බයි බයිය පුතා
අවසානයි","හඳ මාමයි සිනා සිසී
රිදීපාර අල්ලන්නේ",සිනාව ,සද එලිය ,සද එලිය හොදින් වැටි පාර පෙන්වයි ,"සුරන්ගනා වනුයි වලා
කුලු ඔසවාගෙන එන්නේ",සුරදුතයන් ,සුළග ,සුලගින් වලාකුළු පැමිණේ 
Sathuta Shoke,සතුට ශෝකේ ,2008,Karunarathna Abeysekare and M.K. Rocksami,කරුණාරත්න අබේසේකර සහ එම්.කේ. රොක්සාමි,Latha Walpola,ලතා වල්පොල,"සතුට සෝකේ ජය පරාජේ

අපටමයි මේ ලෝකයේ.....
එයට පිටුපා මෙලොව මිනිසා
කිසි තැනක දී නෑ ගියේ.......
සතුට සෝකේ ජය පරාජේ
අපටමයි මේ ලෝකයේ......

අතට ආ ඒ රන් කුරුල්ලා
අතැර දැම්මේ ඇයි එදා......

සිතට එකඟව සිතා බලනූ
දැනේ සෝකේ මුල මෙදා......
ශෝචනීයයි ජීවිතේ

එනතුරා සැප මාරුතේ......

සතුට සෝකේ ජය පරාජේ
අපටමයි මේ ලෝකයේ.....


බොන්න ගත් ඒ රිදී බඳුනේ
දිය සිඳී වියළී ගියා......
දරුණු දෛවේ කාරුණික නෑ
බොහෝ විට නුඹ දේ දයා......
ශෝචනීයයි ජීවිතේ

එනතුරා සැප මාරුතේ.......

සතුට සෝකේ ජය පරාජේ

අපටමයි මේ ලෝකයේ.....
එයට පිටුපා මෙලොව මිනිසා
කිසි තැනක දී නෑ ගියේ.......
කිසි තැනක දී නෑ ගියේ.......
කිසි තැනක දී නෑ ගියේ.......",බොන්න ගත් ඒ රිදී බඳුනේ දිය සිඳී වියළී ගියා,භාණ්ඩ ,ආදරය ,කරන්න පටන් ගත් වටිනා ආදරයේ තිබු සතුට නැතිවී ගොස් ඇත ,අතට ආ ඒ රන් කුරුල්ලා,කුරුල්ලා ,අවස්ථාව ,ලැබූ අවස්ථාව අතහැර දමා ඇත 
Kirikodu Hithata,කිරිකොඩු හිතට,2005,	Unknown,නොදනී ,Bathiya and Santhush,භාතිය සහ සන්තුෂ්,"කිරි කෝඩු හිතට ආල නුඹේ දෑස යාවුනා
මගේ කෝල කමට ලෝල හැඟුම නුඹට පේවුණා
සබදේ සුවඳේ කුළුඳුල් ආදරේ
උතුරා ගැලුවේ අම මී ජීවිතේ
කිරි කෝඩු හිතට ආල නුඹේ දෑස යාවුනා
මගේ කෝල කමට ලෝල හැඟුම නුඹට පේවුණා
සුපෙම් නුවන් විමසාවි රෑ දිවා
ඔබ රූ අඳුන් දසුනින් දුරයි කියා
ඔය පෙම් තෙපුල් මදහාස පෑ නියා
ළය ගිම් නිවු සිහිලාර වෑහුනා
මතු මා පැතු කිසිවක් නොවේ
සැනසීම වේ ආදරේ
මතු මා පැතු කිසිවක් නොවේ
සැනසීම වේ ආදරේ
සිතුම් පැතුම් ඉටුවේවි වාසනා
අඳුරෙන් මිදී සඳ ඒවි පායලා
ඔබ මේ පිදු සෙවනේම ඈදිලා
මගේ ජීවිතේ නවතීවි පා සිනා
මෙතුවක් ලැබූ කිසිවක් නොවේ
සැනසීම වේ ආදරේ
කිරි කෝඩු හිතට ආල නුඹේ දෑස යාවුනා
මගේ කෝල කමට ලෝල හැඟුම නුඹට පේවුණා
සබදේ සුවඳේ කුළුඳුල් ආදරේ
උතුර ගැලුවේ අම මී ජීවිතේ
කිරි කෝඩු හිතට ආල නුඹේ දෑස යාවුනා
මගේ කෝලා කමට ලෝල හැඟුම නුඹට පේවුණා",ඔය පෙම් තෙපුල් මදහාස පෑ නියා ළය ගිම් නිවු සිහිලාර වෑහුනා,ගින්දර ,දුක ,ඔබගේ ආදරණිය සිනහව දුටු නිසා සිතේ දුක් නැතිවී ගොස් ඇත  ,සුපෙම් නුවන් විමසාවි රෑ දිවා,විමසනවා ,මතකයට නැගෙනවා ,ඇයව මතක් වෙන බව 
Ra pura,රෑ පුරා ,2005,Bathiya and Santhush,භාතිය සහ සන්තුෂ්,Bathiya and Santhush,භාතිය සහ සන්තුෂ්,"රෑ පුරා පායනා තාරුකා
රෑ පුරා පායනා තාරුකා
පහන් සේ දිදුලනා
දෑස පා මා දිහා
හිනැහුනා බල බලා
ළං වෙලා ඔබ එදා
තාරුකා තාරුකා
රෑ පුරා පායනා තාරුකා
රෑ පුරා පායනා තාරුකා
තරු නෙත් දෙකින් ඉඟි කළා
මා හදට ළං වෙලා
ඔබ ආවා මා සොයාලා
සීත රෑ ඒ ලෙසේ
කාටදැයි මල් සිනා
හිතුනා මගෙ ලොවේ
හීනේ බිඳ දමා ඔබ ගියේ
හැඟුමන් සිතින් පියඹලා
මා එනවා ඔබ සොයා
හැඟුමන් සිතින් පියඹලා
එනවා ඔබ සොයා
තනිවීලා පාළුවේ මා
අද ඔබේ යහනතේ
හීනයක් මෙන් සිතා
තැවුනා මගෙ ලොවේ
හීනේ බිඳ දමා ඔබ ගියේ
රෑ පුරා පායනා තාරුකා
පහන් සේ දිදුලනා
දෑස පා මා දිහා
හිනැහුනා බල බලා
ළං වෙලා ඔබ එදා
තාරුකා තාරුකා
රෑ පුරා පායනා තාරුකා
රෑ පුරා පායනා තාරුකා","පහන් සේ දිදුලනා
දෑස පා මා දිහා",භාණ්ඩ ,ඇස ,මා දෙස බැලු ඇස් ඉතාමත් බබලයි ,තරු නෙත් දෙකින් ඉඟි කළා,තාරුකා ,අලංකාරය ,අලංකාර දෑස් වලින් බැලූ බව 
Hithuwakkarita Kiyanne,හිතුවක්කාරිට කියන්නේ ,2007,Iraj Weerarathne,ඉරාජ් වීරරත්න,Iraj Weerarathne,ඉරාජ් වීරරත්න,"හිතුවක්කාරිට කියන්නේ
ඔය සෙල්ලම් බෑ මාත් එක්කනම්
සෙල්ලක්කාරිට හිතාන හිටියට
බලන්න කුරුල්ලො නෑ
හිතුවක්කාරිට කියන්නේ
ඔය සෙල්ලම් බෑ මාත් එක්කනම්
සෙල්ලක්කාරිට හිතාන හිටියට
බලන්න කුරුල්ලො නෑ

හිතුවක්කාරිට කියන්නේ
ඔය සෙල්ලම් බෑ මාත් එක්කනම්
සෙල්ලක්කාරිට හිතාන හිටියට
බලන්න කුරුල්ලො නෑ
හිතුවක්කාරිට කියන්නේ
ඔය සෙල්ලම් බෑ මාත් එක්කනම්
සෙල්ලක්කාරිට හිතාන හිටියට
බලන්න කුරුල්ලො නෑ

සංකරද ඔතරම්
ඔය නෙතු සංවර නැති තරම්
ලස්සනම නැති නම්
මොකටද ඇස් වල ඔය තරම්
මගෙ හිස් වුන ළැම මත
ගැස්සෙන විගස
ලස්සනද එතරම්
මගෙ හිස් වුන ළැම මත
ගැස්සෙන විගස
ලස්සනද එතරම්
මං අහන්නේ
හිතුවක්කාරිට කියන්නේ
ඔය සෙල්ලම් බෑ මාත් එක්කනම්
සෙල්ලක්කාරිට හිතාන හිටියට
බලන්න කුරුල්ලො නෑ
හිතුවක්කාරිට කියන්නේ
ඔය සෙල්ලම් බෑ මාත් එක්කනම්
සෙල්ලක්කාරිට හිතාන හිටියට
බලන්න කුරුල්ලො නෑ
ලාලල ලාලල ලල ලල ලා
ලාලල ලාලල ලල ලල ලා
ලාලල ලාලල ලල ලල ලා
හිතුවක්කාරිට කියන්නේ
ඔය සෙල්ලම් බෑ මාත් එක්කනම්
සෙල්ලක්කාරිට හිතාන හිටියට
බලන්න කුරුල්ලො නෑ
හිතුවක්කාරිට කියන්නේ
ඔය සෙල්ලම් බෑ මාත් එක්කනම්
සෙල්ලක්කාරිට හිතාන හිටියට
බලන්න කුරුල්ලො නෑ",මගෙ හිස් වුන ළැම මත ගැස්සෙන විගස,හැගීම් ,සිත ,සිතට අදහස් පැමිණීම නැවතී ඇති නිසා සිත ඉක්මනින් සසල වෙයි ,බලන්න කුරුල්ලො නෑ,කුරුල්ලා ,පිරිමින් ,ආදරය කිරීමට පිරිමින් නොමැත 
Nilmini Sengi Pawi,නිල්මිණි සැංගී පාවී,2008,Karunarathna Abeysekara,කරුණාරත්න අබේසේකර,Latha Walpola,ලතා වල්පොල,"නිල්මිණි සැංගී පාවී චංචල ගංගාවේ
නිල්මිණි සැංගී පාවී චංචල ගංගාවේ
ඉවුරේ රැවුදේ මධුර මනෝහර
විවිධවි හමුවේනා.....
නිල්මිණි සැංගී පාවී චංචල ගංගාවේ
නිල්මිණි සැංගී පාවී චංචල ගංගාවේ....
කන්දෙන් බිහිවී නිල්වන් රළපෙල නංවාලා
ඉන්නා ඩිංගේ සතුටින් ඉන්නට පෙන්වාලා...
කන්දෙන් බිහිවී නිල්වන් රළපෙල නංවාලා
ඉන්නා ඩිංගේ සතුටින් ඉන්නට පෙන්වාලා...
ඉනු සැනසිල්ලේ............
ලාලිත කැල්මේ.............
ඉනු සැනසිල්ලේ
ලාලිත කැල්මේ
වනන්තරේ රං ඔංචිල්ලේ....
නිල්මිණි සැංගී පාවී චංචල ගංගාවේ
නිල්මිණි සැංගී පාවී චංචල ගංගාවේ
ඉවුරේ රැවුදේ මධුර මනෝහර
විවිධවි හමුවේනා.....
නිල්මිණි සැංගී පාවී චංචල ගංගාවේ
නිල්මිණි සැංගී පාවී චංචල ගංගාවේ....

පෙම්බර සුහදා හා එක්වීලා ගුම්දීලා
සැනසී පෑහී සිතුසේ රගනා රැංදීලා....
පෙම්බර සුහදා හා එක්වීලා ගුම්දීලා
සැනසී පෑහී සිතුසේ රගනා රැංදීලා....
සතුට තුරැල්ලේ..........
ඉන්න නිදැල්ලේ.........
සතුට තුරැල්ලේ
ඉන්න නිදැල්ලේ
මටත් කියාපන් සියුමැල්ලේ.....

නිල්මිණි සැංගී පාවී චංචල ගංගාවේ

නිල්මිණි සැංගී පාවී චංචල ගංගාවේ
ඉවුරේ රැවුදේ මධුර මනෝහර
විවිධවි හමුවේනා.....
නිල්මිණි සැංගී පාවී චංචල ගංගාවේ
නිල්මිණි සැංගී පාවී චංචල ගංගාවේ....
නිල්මිණි සැංගී පාවී චංචල ගංගාවේ....",වනන්තරේ රං ඔංචිල්ලේ....,භාණ්ඩ ,සොබාදහම ,කැලයේ ඇති මනරම් ගස් වැල් ,ඉවුරේ රැවුදේ මධුර මනෝහර,රැව්දෙනවා ,පෙනෙනවා ,ඉවුරේ දක්නව ලැබේ 
Mandira Sandaruthala,මන්දිර සඳලුතල,2007,Infass,ඉන්ෆාස්,Infass,ඉන්ෆාස්,"මන්දිර සඳලුතල සල්පිල් සතරකොන
රන්සර වැයෙනා රඟහල් තුළ ඉසිඹුලන
සුන්දර මුහුණු පෙළ අතරෙ කිසිම දින
මින් පෙර නුදුටු ඔබ කවුදැයි කියනු මැන
ඈත දුරක පිපෙනා රුව දෑසට හමු නොවෙනා
කෝල නිහඩ වදිනා මුදු සීත ගුණය දැනුණා
මේ කිවිවරු කියනා, වනමල දැයි සිතුනා
මන්දිර සඳලුතල සල්පිල් සතරකොන
රන්සර වැයෙනා රඟහල් තුළ ඉසිඹුලන
සුන්දර මුහුණු පෙළ අතරෙ කිසිම දින
මින් පෙර නුදුටු ඔබ කවුදැයි කියනු මැන
ඈත දුරක රැදෙනා රුව දෑසට හමු නොවෙනා
රෑ සිහිනෙන් දකිනා තව සිහිනයෙකැයි සිතෙනා
සීත ඉමේ සොඳිනා, මේ වනමල පිපුනා
සඳරැස් නිවා තරු දිලෙනා හැන්දෑවේ
සිසිලස ඔබේ සුවඳයි අරගෙන ආවේ
තුරුහිස පබා වැසි නොපැතු හෝරාවේ
වනපස මලේ ඔබ ඇයි සෙවනට නාවේ
සඳරැස් නිවා තරු දිලෙනා හැන්දෑවේ
සිසිලස ඔබේ සුවඳයි අරගෙන ආවේ
තුරුහිස පබා වැසි නොපැතු හෝරාවේ
වනපස මලේ ඔබ ඇයි සෙවනට නාවේ
වනපස මලේ ඔබ ඇයි සෙවනට නාවේ","සීත ඉමේ සොඳිනා, මේ වනමල පිපුනා",සොබාදහම ,කාන්තාව ,ගම්බදව සිටිනා ලස්සන කාන්තාව ගැන සිතේ අදහසක් ඇති වුනා ,,,,
Suragana Kirilliye,සුරගන කිරිල්ලියේ ,2004,Hiran Thenuwara,හිරාන් තේනුවර,Infass,ඉන්ෆාස්,"රැ සිහිනෙන් මා නුඹ දකිනා සද නිදි දෙව්දුව ඉර්ශ්‍යා හිතෙනා බව
දන්නවාද නුඹ මගේම ආලය නිදි දෙව්දුව මට අහිමි කරන බව
හැබවින් නුඹේ රුව අත් විදින සද තරු කැට පරදන නුඹේ රුවන් යුග
ප්‍රථම ප්‍රේමයේ පිවිතුරුම රාග සනසවන්න මට ඉගි කරනා සැටි
සුරගන කිරිල්ලියේ සද නුඹ ගැනමයි කතා කළේ
නිල්වන් ගුවන් තලේ පියබා යමු රැ නිසංසලේ.... //
නුඹ වරලස සුදු මල් ගවසන්නට නුඹේ උවනත සිප සනසා ලන්නට
නුඹේ උණුසුම ලග ඉද විද ගන්නනට ආසයි නුඹේ සිතුවමක් අදින්නට
නුඹ ගැන මා හිත හිතත හිතුම් ගැන නුඹ ගෙන මා හිත පතන පැතුම් ගැන
මා ජිවිතයම නුඹ ලග තියාන හිනා පොදක් වී හිදින්න තනියම..
සුරගන කිරිල්ලියේ සද නුඹ ගැනමයි කතා කළේ
නිල්වන් ගුවන් තලේ පියබා යමු රැ නිසංසලේ.... //
සුරගන කිරිල්ලියේ සද නුඹ ගැනමයි කතා කළේ
නිල්වන් ගුවන් තලේ පියබා යමු රැ නිසංසලේ.... //
සුරගන කිරිල්ලියේ සද නුඹ ගැනමයි කතා කළේ
නිල්වන් ගුවන් තලේ පියබා යමු රැ නිසංසලේ.... /
සුරගන කිරිල්ලියේ සද නුඹ ගැනමයි කතා කළේ
නිල්වන් ගුවන් තලේ පියබා යමු රැ නිසංසලේ.... /",රැ සිහිනෙන් මා නුඹ දකිනා සද නිදි දෙව්දුව ඉර්ශ්‍යා හිතෙනා බව,සත්ත්වයින් ,නින්ද ,ආදරය කරන තැනැත්තිය සිහිනෙන් දකින විට නින්දත් ඉර්ශ්‍යා කරයි ,,,,
Desin Samugena,දෑසින් සමුගෙන,2005,Unkown,නොදනී ,Bathiya and Santhush,භාතිය සහ සන්තුෂ්,"දෑසින් සමුගෙන යයි පියාඔා
ඡිවිතේ නවතා තියා//
කිසි කෙනෙක් නැත ලං වෙලා
ඔබ තරමි සිත පෙමි පුරා
ඔබ ගියා දුර වෙන් වෙලා
ආදරේ මට නෑ කියා
දෑසින් සමුගෙන ...//
දැත දි ලං විලා
මා ලයෙ සැතපිිලා
සැමදා සැනසිලා
ආදරෙ මට කිිවා
කාටදෝ නතු විලා
මා මුලාවක දාලා
පාවුනා පිටු පාලා
මා ලොවෙ තනි විිලා
දෑසින් සමුගෙන ...//
ආදරේ නිම විලා
වෙිදනා බර විලා
සාමයේ මැදි විිලා
මා පරාජිත විලා
සිහිනයේ දැවටිලා
මා සොයා ඔබ ආවා
රෑපුරා සැනසිලා
පාවුනා සැගවිලා
දෑසින් සමුගෙන ...//","මා මුලාවක දාලා
පාවුනා පිටු පාලා",සොබාදහම ,ක්‍රියාව ,මාව රවටා පිටුපා අත්හැර ගොස් ඇත ,දෑසින් සමුගෙන යයි පියාඔා,පියාබනව ,ගමන් කිරීම ,ඇස් වලට  නොපෙනෙන්නට යන බව 
Pini Binduwak,පිණි බිඳුවක්,2005,Unkown,නොදනී ,Bathiya and Santhush,භාතිය සහ සන්තුෂ්,"පිණි බිඳුවක්, වෙන්නට ආසයි...
මිහි මත සිසිලස රැඳුනූ...
දිය රැල්ලක්, වෙන්නට ආසයි...
දොළ මත දිය රැල් නැගුනූ...

සිසිලස දෙන්නම්, මා සැමදා..
පවනක් වී එන හමා...
සුරකින්නම් සෙනෙහස සැමදා
ඔබෙ මතකය සිත් පුරා....
හිරු පායා එන මොහොතේ..
සඳ සැගවී ...යයි අහසේ
ඔබ මා වෙත, එන දවසේ..
කඳුළැල් වියැකෙන මොහොතේ..
ඔබ එන දිනේ ....කඳුළැල්, වියැකෙන මොහොතේ..
පැතුවා සෙනෙහේ... රැඳුනා දෙහදේ..
සැමදා රැඳෙනසේ...
පිණි බිඳුවක්, වෙන්නට ආසයි...
මිහි මත සිසිලස රැඳුනූ...
දිය රැල්ලක්, වෙන්නට ආසයි...
දොළ මත දිය රැල් නැගුනූ...
සිසිලස දෙන්නම්, මා සැමදා..
පවනක් වී එන හමා...
සුරකින්නම් සෙනෙහස සැමදා
ඔබෙ මතකය සිත් පුරා....

අතිනත පැටලී යන මොහොතේ
සතුටක් දැනුනා හිත් අහසේ
පැතු සිහින පැතුම් ඒ දවසේ .රැඳුනා දෙහදේ..
ඔබ එන දිනේ...
කඳුළැල්, වියැකෙන මොහොතේ..
පැතුවා සෙනෙහේ... රැඳුනා දෙහදේ..
සැමදා රැඳෙනසේ...
පිණි බිඳුවක්, වෙන්නට ආසයි...
මිහි මත සිසිලස රැඳුනූ...
දිය රැල්ලක්, වෙන්නට ආසයි...
දොළ මත දිය රැල් නැගුනූ...
සිසිලස දෙන්නම්, මා සැමදා..
පවනක් වී එන හමා...
සුරකින්නම් සෙනෙහස සැමදා
ඔබෙ මතකය සිත් පුරා....
සුරකින්නම් සෙනෙහස සැමදා
ඔබෙ මතකය සිත් පුරා....
සුරකින්නම් සෙනෙහස සැමදා

ඔබෙ මතකය සිත් පුරා....","සිසිලස දෙන්නම්, මා සැමදා..
පවනක් වී එන හමා...",සොබාදහම ,ආරක්ෂාව ,සැමදාම සැලකිලිමත්ව ආරක්ෂාකාරිව  බලාගන්න බව ,,,,
Unmadini,උන්මාදනී ,2010,Nilar N Cassim,නිලාර් එම් කාසිම්,Bathiya and Santhush,භාතිය සහ සන්තුෂ්,"උන්මාදනී හැංගුණා
අනුරාග දෑසින් බලා
සොඳුරුයි සුපෙම් ලෝචනා
නෑසෙයි නුඹේ ගායනා
දෙනුවන් සෙවූ අංගනා
රාධා මගේ අංජනා

මල් මී සුගන්ධේ නැළැවී වෙළී
මල්වැල් ගොතන්නී වෘන්දා වනේ
නිල්විල් තලාවේ කිමිදී මිදී
කොයිදැයි විදින්නේ සැන්දෑ සුවේ
රන්මිණි මෙවුල්දම් බිදෙනා වෙලේ
කෝ කොයිද රාධා උන්මාදනී

ගෝපීලියන් හා යමුනා තෙරේ
අවුදින් මුලා වූ රධා මගේ
වස්සානයේ ආ මේ කුළුවලින්
සංතාපයේ ලා පොද වෑහුනී
රන්මිණි මෙවුල්දම් බිදෙනා වෙලේ
කෝ කොයිද රාධා උන්මාදනී

උන්මාදනී හැංගුණා...","වස්සානයේ ආ මේ කුළුවලින්
සංතාපයේ ලා පොද වෑහුනී",සොබාදහම ,දුක ,හොද කලකදී සිදුවුන කරදර නිසා යම් යම් දුක් ඇතිවිය ,නෑසෙයි නුඹේ ගායනා,ගායනා ,කටහඩ ,ඔබගී කටහඩ නොඇසෙන බව 
Dedunna Sedi,දේදුන්න සේදී,2010,Nilar N Cassim,නිලාර් එම් කාසිම්,Bathiya and Santhush,භාතිය සහ සන්තුෂ්,"දේදුන්න සේදී
වෑ නිල්ල උතුරා
ලා දම් අහසින්
වැස්සක් වැටුණා
මනමාලි වී ඈ
හද ගින්න අවුලා
පිටගම් යනවා
බොඳවී පෙනුණා
බාලේ ඉඳලා
හද බැඳි ආදරේ
ගෙල රන් තාල නොබැඳී
අවසන් උනේ
කාලේ ගෙවිලා මං
ගම ආ දිනේ
ඈ කරකාර බැඳලා
නොකියා ගියේ
දේදුන්න සේදී
වෑ නිල්ල උතුරා
ලා දම් අහසින්
වැස්සක් වැටුණා
මාදං කැලෑවේ
ළඳු ඕවිටේදී
බාලේ ඉඳන් කී
කවි ගීතිකා
පාවී ගියාවේ
සුළඟේ වෙළීලා
ආලේ නමින් වූ
හද ගී මකා
නොසිතූ සේ...
ආදර මල්පෙති විසිරෙයි
සිත වැළපේ
සුහදේ...
නොපැතූ සේ...
යායුතු වේ
මේ ඉරණම් ගමනේ
කඳුලින් මෙසේ...
දේදුන්න සේදී
වෑ නිල්ල උතුරා
ලා දම් අහසින්
වැස්සක් වැටුණා
මනමාලි වී ඈ
හද ගින්න අවුලා
පිටගම් යනවා
බොඳවී පෙනුණා
ලා නීල වැල්ලේ
වැව් තාවුලේදී
දිවුරා හදින් ඈ
බහ දුන් නිසා
දෑසින් මහෝගේ
උතුරා ගැලූ ඒ
දොරේ ගැලූ දා
බැඳි ආදරේ
තනි වූ දා...
මවු පිය සෙනෙහසටයි
හිස නැමුණේ
රහසේ...
නොපැතූ දා... මා
හද දෙව්ලොව හැර යන්නම්
මිහිරේ.
තරු ඇස් වැසේ...
දදේදුන්න සේදී
වෑ නිල්ල උතුරා
ලා දම් අහසින්
වැස්සක් වැටුණා
මනමාලි වී ඈ
හද ගින්න අවුලා
පිටගම් යනවා
බොඳවී පෙනුණා
බාලේ ඉඳලා
හද බැඳි ආදරේ
ගෙල රන් තාල නොබැඳී
අවසන් උනේ
කාලේ ගෙවිලා
මං ගම ආ දිනේ
ඈ කරකාර බැඳලා
නොකියා ගියේ
දේදුන්න සේදී
වෑ නිල්ල උතුරා
ලා දම් අහසින්
වැස්සක් වැටුණා",හද ගින්න අවුලා,ගින්දර ,දුක ,සිතේ දුකක් ඇතිකරවා ඇත ,ආදර මල්පෙති විසිරෙයි,විසිරෙනවා ,නැතිවෙනවා ,අදරයන නැතිවී යාම 
Kawada Ho,කවද හෝ,2010,Bathiya and Santhush,භාතිය සහ සන්තුෂ්,Bathiya and Santhush,භාතිය සහ සන්තුෂ්,"ළඟ නැති බව දැනෙනවා
එනමුත් හද අහනවා
ඔබ ඒවිදෝ කවදාහෝ
ඔබ මගෙමයි හැඟෙනවා
ආදරෙ තව රැඳෙනවා
ඔබ ඒවිදෝ කවදාහෝ
හුදකලාව මේ සිත හඬවනවා
සැමදා අදුරෙ සිටිවිදැයි  සිතෙනවා
ඔබගෙන් ලද උණුසුම මට දැනෙනවා
තනිකම මාගේ ඉගිලී යනවා
ළඟ නැති බව දැනෙනවා
එනමුත් හද අහනවා
ඔබ ඒවිදෝ කවදාහෝ
ඔබ මගෙමයි හැඟෙනවා
ආදරෙ තව රැඳෙනවා
ඔබ ඒවිදෝ කවදාහෝ
නෙතු පියාන මා ඔබෙ රුව මවනවා
හීනෙන් ඇවිත් මා දෑස සිඹිනවා
ඔබගේ සුසුම් මට තව දැනෙනවා
ඔබ දන්නේ නෑ ආදරෙ ගලනවා
ළඟ නැති බව දැනෙනවා
එනමුත් හද අහනවා
ඔබ ඒවිදෝ කවදාහෝ
ඔබ මගෙමයි හැඟෙනවා
ආදරෙ තව රැඳෙනවා
ඔබ ඒවිදෝ කවදාහෝ",සැමදා අදුරෙ සිටිවිදැයි  සිතෙනවා,සොබාදහම ,තනිකම ,ජිවිතයී සැමදාම තනියෙන්ම  සිටින්නට වේ දැයි අදහසක් පැමිණීම  ,,,,
Ma Handawala,මා හඬවලා,2010,Rookantha Gunathilaka,රූකාන්ත ගුණතිලක,Bathiya and Santhush,භාතිය සහ සන්තුෂ්,"මා හඬවලා, හදවත සලා
පෙරදාක මාගෙ දෙනුවන් රතු වෙලා
දැන් කිසි දිනේ නැහැ ඒ වගේ
හද ආදරේ පිරී ඉතිරෙනවා
සිත පිබිදී, නෙතු පැහැදී
ඔබ හමු වී, සුවඳ දිදී
දිවිය පුරා මම එනවා
මගෙ දෑතින් ඔබ අල්ලා
මා හඬවලා, හදවත සලා
පෙරදාක මාගෙ දෙනුවන් රතු වෙලා
දැන් කිසි දිනේ නැහැ ඒ වගේ
හද ආදරේ පිරී ඉතිරෙනවා
හද උදුරා ගන්නට බෑ
සිත පාරා සනසනු බෑ
අවරගිරින් හිරු පායනු බෑ
ඇය හා මා එක් වෙනු බෑ
මා හඬවලා, හදවත සලා
පෙරදාක මාගෙ දෙනුවන් රතු වෙලා
දැන් කිසි දිනේ නැහැ ඒ වගේ
හද ආදරේ පිරී ඉතිරෙනවා
හද ආදරේ පිරී ඉතිරෙනවා
හද ආදරේ පිරී ඉතිරෙනවා",පෙරදාක මාගෙ දෙනුවන් රතු වෙලා,පාට ,කරදරය ,පෙරදිනයක ඇඩු බව ,,,,
Lowama Nidiyana Re,ලොවම නිදියන රෑ.,2010,Bathiya and Santhush,භාතිය සහ සන්තුෂ්,Bathiya and Santhush,භාතිය සහ සන්තුෂ්,"ලොවම නිදියන රෑ.
මහද ඇහැරෙනවා.
ඔබයි මගෙ හිත හාපුරා.
නිබඳ සසල කලේ.
හැඟුම් ඇහැරෙනදා.
සොඳුරු සුව දැනෙනා.
රැයක ඔය හිත ඈදුනේ.
සුපෙම් හීනෙන්දෝ.
හැඟුම් නාඹර වූ.
හිතට හීලෑ නෑ.
සුලඟ වාගේ හමා ඇවිදින් පෙම් හැඟුම් ඇවුලුවා.
තුරුණු ජීවිතයේ.
තනිය දැන් නික්මුණා.
හිතක වෑහෙන නැවුම් ගීතේ පද පෙලක් ඈදුනා.
ඒ පෙම් ගීතේ.
තනුව මේ පෙම් සිනා.
ලොවම නිදියන රෑ.
මහද ඇහැරෙනවා.
ඔබයි මගෙ හිත හාපුරා.
නිබඳ සසල කලේ.
හැඟුම් ඇහැරෙනදා.
(හැඟුම් ඇහැරෙනදා.)
සොඳුරු සුව දැනෙනා.
(සොඳුරු සුව දැනෙනා.)
රැයක ඔය හිත ඈදුනේ.
සුපෙම් හීනෙන්දෝ.
හැඟුම් නාඹර වූ.
හිතට හීලෑ නෑ.
සුලඟ වාගේ හමා ඇවිදින් පෙම් හැඟුම් ඇවුලුවා.
තුරුණු ජීවිතයේ.
තනිය දැන් නික්මුණා.
හිතක වෑහෙන නැවුම් ගීතේ පද පෙලක් ඈදුනා.
ඒ පෙම් ගීතේ.
තනුව මේ පෙම් සිනා.
ලොවම නිදියන රෑ.
මහද ඇහැරෙනවා.
ඔබයි මගෙ හිත හාපුරා.
නිබඳ සසල කලේ.
හැඟුම් ඇහැරෙනදා.
(හැඟුම් ඇහැරෙනදා.)
සොඳුරු සුව දැනෙනා.
(සොඳුරු සුව දැනෙනා.)
රැයක ඔය හිත ඈදුනේ.
(ඈඳුනේ...)
සුපෙම් හීනෙන්දෝ.
(සුපෙම් හීනෙන්දෝ.)
ලොවම නිදියන රෑ.
(ලොවම නිදියන රෑ.)
මහද ඇහැරෙනවා.
(මහද ඇහැරෙනවා.)
රැයක ඔය හිත ඈදුනේ.
සුපෙම් හීනෙන්දෝ...
(ආ...)","හැඟුම් නාඹර වූ.
හිතට හීලෑ නෑ.
සුලඟ වාගේ හමා ඇවිදින් පෙම් හැඟුම් ඇවුලුවා.",සොබාදහම ,සිත ,"අලුත හැගීම් ඇතිවන , පාලනය කරගැනීමට අපහසු සිතී ආදරණිය හැගීම් ඇතිකර ඇත ",හිතක වෑහෙන නැවුම් ගීතේ පද පෙලක් ඈදුනා.,ගීතය ,ආදරයනිය අදහස් ,සිතට අලුත්  අදරායල් ඇතිවී ඇත 
Hoiya Hoiya,හොයියා හෝයියා,2010,Bathiya and Santhush,භාතිය සහ සන්තුෂ්,Bathiya and Santhush,භාතිය සහ සන්තුෂ්,"හොයියා… හෝයියා…
හොයියා… හෝයියා…
හොයියා… හෝයියා…
හොයියා… හෝයියා…

මරියාවට නෑ මේ දුක කීවේ
වැල්ලේ හැදුවට බරු දැල් පන්නේ
මුහුදුනොයා මන් නුඹව රකින්න්නේ
කොහොමද කියපන් මගෙ රත්තරනේ

හොයියා… හෝයියා…
හොයියා… හෝයියා…
හොයියා… හෝයියා…
හොයියා… හෝයියා…

උපන්න දා සිට මුහුදයි දන්නේ
රස්සාවට මේකයි මට දුන්නේ
හිතේ දුකක් නෑ තාම දැනෙන්නේ
සත්තයි පපුවෙන් මයිමෙ කියන්නේ

වලාලයක් එන කන් වැහි කන්නේ
වාරකලේදී පැල් පිලිගන්නේ
දෙවේල සුලුවෙන් පිරිමහ ගන්නේ
එහෙමත් දාකයි මුකුත්ම නැත්තේ

හොයියා… හෝයියා…
හොයියා… හෝයියා…
හොයියා… හෝයියා…
හොයියා… හෝයියා…

ධීවරියේ නුඹ දුකම විඳින්නේ
එනමුත් මා ළඟ නෑ ඉකිබින්ඳේ
නුඹව රකින්නයි මේ වද වින්ඳේ
එ් හින්දා ම නෑ මට වරදින්නේ

හොයියා… හෝයියා…
හොයියා… හෝයියා…
හොයියා… හෝයියා…
හොයියා… හෝයියා…","වලාලයක් එන කන් වැහි කන්නේ
වාරකලේදී පැල් පිලිගන්නේ",සොබාදහම ,රැකබලාගැනීම ,කාලයෙන් කාලයට නිවසට පැමිණෙන බව ,,,,
Mana Ranjaniya Lanka,මනරන්ජනිය ලංකා ,2005,Ananda Samarakoon,ආනන්ද සමරකෝන්,Latha Walpola,ලතා වල්පොල,"මනරංජන දර්ශනීය ලංකා.........
මනරංජන දර්ශනීය ලංකා
මාතා අතිරමණී..........
මනරංජන දර්ශනීය ලංකා
මාතා අතිරමණී...

කිත් පැසසුම් ලැබ දස දිග පූජිත
සුන්දර අප සිරි ලක් මෑණි.....
සැරදේ සැරදේ සැරදේ ලක් මව්නි

වැජඹේවා සව්සිරිනි
මනරංජන දර්ශනීය ලංකා...

ශුද්ධ නගර අනුරාධපුරේ සහ
පොළොන්නරුව පැරණි..........
සීගිරියද සිහිපත් කරවයි පෙර
බැබලුන දීප්තිය දස අතිනි...
සැරදේ සැරදේ සැරදේ ලක් මව්නි

වැජඹේවා සව්සිරිනි
මනරංජන දර්ශනීය ලංකා...

පුරාතනේ විසූ රජ දරුවෝ
ගාමිණී මහසෙන් පැරකුම්බා
නිම කළ මහවැලි පොකුණු ද දා ගැබ්
අද දිනයේද නොමැකී සෝබා
සැරදේ සැරදේ සැරදේ ලක් මව්නි

වැජඹේවා සව්සිරිනි
මනරංජන දර්ශනීය ලංකා...

පෙම්බර ලක් මව අද දින නිදහස්
සුවයෙන් නැළවෙන්නී
සුවැඳති මල් පිබිදී ඇත සැමතැන 
බර වී සුළඟේ රඟ දෙන්නී.....
සැරදේ සැරදේ සැරදේ ලක් මව්නි

වැජඹේවා සව්සිරිනි
මනරංජන දර්ශනීය ලංකා...

ශ්‍රී විභූතියෙන් සපිරුණු ඒ.......

මව්බිම සුන්දර අතිරමණී
ශ්‍රී විභූතියෙන් සපිරුණු ඒ.......
මව්බිම සුන්දර අතිරමණී
සව්සිරියෙන් සරැ කරනට අපි සැම

ඉදිරියටම යමු හද බැතිනි....
ඉදිරියටම යමු හද බැතිනි....

මනරංජන දර්ශනීය ලංකා...","සුවැඳති මල් පිබිදී ඇත සැමතැන 
බර වී සුළඟේ රඟ දෙන්නී.....",සොබාදහම ,මිනිසුන් ,ලංකාවේ සුන්දර මිනිසුන් බිහිවී ලංකාවම අලංකාර කරන බව ,,,,
Ran wan Ran Karalin,රන් වන රන් කරලින් ,2003,Latha walpola ,ලතා වල්පොල,Latha Walpola,ලතා වල්පොල,"දිනිදා උදය ගිර මුදුනින් නැග එනවා ..

සුරිදා පිහිට යැද ගොවි කුබුරට යනවා ...

රන්වන් දුල් කරලින්
පැසිලා නැමිලා බර වීලා ..
තල වැවිලා රමණී සෝබා
කෙත්වතු පිරිලා සාරා..
ඕ...කෙත්වතු පිරිලා සාරා..//

රන්වන් දුල් කරලින්
පැසිලා නැමිලා බර වීලා ..
තල වැවිලා රමණී සෝබා
කෙත්වතු පිරිලා සාරා..
ඕ...කෙත්වතු පිරිලා සාරා..//

ඉග නලවා කපමූ නෙලමූ හෝ හෝ යියා..//
මිටි බැදලා හිස මත ගනිමූ..
යාමු පෙල සෑදිලා...///

මිටි බැදලා හිස මත
ගනිමූ..යාමු පෙල සෑදිලා...

බට ලී සංගීතේ මත් වූ ගවයෝ රැලේයා..

ගොපලුන් හා මිහිරේ වෙලිලා
යාවි රංචූ හෝ යි යා..
ඕ... යාවි රංචූ හෝ යි යා..//

රන්වන් දුල් කරලින්

පැසිලා නැමිලා බර වීලා ..
තල වැවිලා රමණී සෝබා
කෙත්වතු පිරිලා සාරා..
ඕ...කෙත්වතු පිරිලා සාරා..//

මද සුළගේ කුල්ලෙන් පොලලා හෝ හෝ යියා..//

තල වේලා බොල් පොතු හැරලා
කමතේ පිරි ධාන්‍යා...///

තල වේලා බොල් පොතු හැරලා

කමතේ පිරි ධාන්‍යා...

සැම දෙවි යෝ පිහිටාධාරෙන් කරුණා ලැබී ලා..

ගම සාරයි හාමත දුරු වෙයි

ගොවි සිත ප්‍රීතී හෝ යි යා..
ඕ...ොවි සිත ප්‍රීතී හෝ යි යා..//

රන්වන් දුල් කරලින්

පැසිලා නැමිලා බර වීලා ..
තල වැවිලා රමණී සෝබා
කෙත්වතු පිරිලා සාරා..
ඕ...කෙත්වතු පිරිලා සාරා..//

රන්වන් දුල් කරලින්
පැසිලා නැමිලා බර වීලා ..

තල වැවිලා රමණී සෝබා
කෙත්වතු පිරිලා සාරා..

ඕ...කෙත්වතු පිරිලා සාරා..//",බට ලී සංගීතේ මත් වූ ගවයෝ රැලේයා..,මත් බව ,ආශාව ,බටලනා සද්දයට ගවයන් අවනත වෙමින් කුබුරේ වැඩ කරයි ,,,,
Mata Aloke Genadewi,මට ආලෝකේ ගෙනදේවි,2010,Unkown,නොදනී ,Iraj Weerarathne,ඉරාජ් වීරරත්න,"මට ආලෝකේ ගෙනදේවි සංසාරයේ
මට ආලෝකේ ගෙනදේවි සංසාරයේ
මගෙ ජීවන හදේ බැමි ස්ථිරවේ
මට ආලෝකේ ගෙනදේවි සංසාරයේ
මට ආලෝකේ ගෙනදේවි සංසාරයේ
මනහාරීවේ මෙනිවස දේ පින මා
මනහාරිවේ මෙනිවස දේ පින මා
ලෝකෙ නිම් නෑ සෙනේහෙ මැවූ රන් රහා
ලෝකෙ නිම් නෑ සෙනේහෙ මැවූ රන් රහා
තිර මා ආලෙ හෘදේහි දුල්සාර වේ
මට ආලෝකේ ගෙනදේවි සංසාරයේ
මට ආලෝකේ ගෙනදේවි සංසාරයේ
මගෙ ජීවනය රස මල් සිනාවෙන් වෙලී
මගෙ ජීවනය රස මල් සිනාවෙන් වෙලී
සිත සැනසිල්ල හිමි පාද සෙවණේ සැදී
සිත සැනසිල්ල හිමි පාද සෙවණේ සැදී
නෙක හැඩපා ඔබේ පාද පරිචාරිකා
මට ආලෝකේ ගෙනදේවි සංසාරයේ
මට ආලෝකේ ගෙනදේවි සංසාරයේ
ලෝකයේ මේ වගේ කොයිද රස කන්කළු
ලෝකයේ මේ වගේ කොයිද රස කන්කළු
සෑදේ මහදේ මෙ සැමියාට ආලේ කෙරූ
සෑදේ මහදේ මෙ සැමියාට ආලේ කෙරූ
මාගේ පූජා පියා මාගෙ නිර්වාණෙ වේ
මට ආලෝකේ ගෙනදේවි සංසාරයේ
මට ආලෝකේ ගෙනදේවි සංසාරයේ
මගෙ ජීවන හදේ බැමි ස්ථිරවේ
මට ආලෝකේ ගෙනදේවි සංසාරයේ
මට ආලෝකේ ගෙනදේවි සංසාරයේ",මගෙ ජීවන හදේ බැමි ස්ථිරවේ,ගොඩනැගිලි ,විශ්වාසය ,තමාගේ ජිවිතයට විශ්වාසයක් ශක්තියක් ලැබී ඇති බව ,,,,
Ran Ran Ran,රන් රන් රන්,2004,Sangeeth Wijesooriya,සංගීත් විජේසූරිය,Iraj Weerarathne,ඉරාජ් වීරරත්න,"රන් රන් රන් රන්වන් රන්වන් සේල ඇඳ
රන් දෝලාවට නගිනවද
ගුම් ගුම් ගුම් ගුම් ගුම් ගුම් ගුම් බඹර නද
මේ කොයිබින් මට ඇහෙනවද
හංකිති කැවෙනා ප්රේමයට
නෙරිය කොනේ මඩ ඕනෙමද
රන් රන් රන් රන්වන් රන්වන් සේල ඇඳ
රන් දෝලාවට නගිනවද
ගුම් ගුම් ගුම් ගුම් ගුම් ගුම් ගුම් බඹර නද
මේ කොයිබින් මට ඇහෙනවද
වෙල් ඉපනැල්ලේ නැලවෙන්න
වලාපොටින් සඳ වහනවද
රන් රන් රන් රන්වන් රන්වන් සේල ඇඳ
රන් දෝලාවට නගිනවද
ගුම් ගුම් ගුම් ගුම් ගුම් ගුම් ගුම් බඹර නද
මේ කොයිබින් මට ඇහෙනවද
දිළෙන සමනළ තටුවලට
මගේ උණුසුම මදි වෙයිද","දිළෙන සමනළ තටුවලට
මගේ උණුසුම මදි වෙයිද",සොබාදහම ,කාන්තාව ,මා ලබාදෙන ආරක්ෂාව සුන්දර කාන්තාවට ඇතිවෙයිද යන්න ප්‍රශ්නයකි,,,,
Hitha Wawannema Ne,හිත වාවන්නේම නෑ,2010,Sampath Fernandopulle,සම්පත් ප්‍රනාන්දුපුල්ලේ,Bathiya and Santhush,භාතිය සහ සන්තුෂ්,"හිත වාවන්නේම නෑ ඔබ අයෙත් එන්නෙ නෑ
මම තාම දන්නේ මා ඔබේ කියා
කිරි කොඩු මෑදියම් රෑ දුන් හීන එලිවෙන් නෑ
ඔබ තාම දන්නේ ඔබ මගේ කියා
මම තාම දන්නේ ම ඔබේ කියා
ඔබ තාම දන්නේ ඔබ මගේ කියා
මම තාම දන්නේ ම ඔබේ කියා
සුසුමන් කියා නොදුන්නු ජීවිතේ සුපෙම් කතාව
කියා දුන්නේ ඔබමයි ලදේ
දෑසත් පියාන ඉන්නේ බෑරිද තාම අවදිවෙනෙ
බල ඉන්න බෑ මට තවත්
සීතලෙන් මා වෙලි දෙනුවන් පහන් නිවී
ඔබ යන්නේ ඈයි ආදරී
ඔබ යන්නේ ඈයි ආදරී
හිත වාවන්නේම නෑ ඔබ අයෙත් එන්නෙ නෑ
ඔබ තාම දන්නේ ඔබ මගේ කියා
මම තාම දන්නේ ම ඔබේ කියා
උකුලේ නිදාන උන්නු කාලේ අයේ එන්න නෑ
තනි වෙන්න බෑ මට ඉතින්
කෙහෙරෑල්ලේ ගෑවී ගෑවි සුවද සෙව්වේ මා එදා
ලං වෙලා ඉන්න බෑ තව ඉතින්
ආදරේ නෑ ඔයා
පාඩුවේ මා හෙලා
ඔබ යන්නේ ඈයි ආදරී
හිත වාවන්නේම නෑ ඔබ අයෙත් එන්නෙ නෑ
මම තාම දන්නේ මා ඔබේ කියා
කිරි කොඩු මෑදියම් රෑ දුන් හීන එලිවෙන් නෑ
ඔබ තාම දන්නේ ඔබ මගේ කියා
මම තාම දන්නේ ම ඔබේ කියා
ඔබ තාම දන්නේ ඔබ මගේ කියා
මම තාම දන්නේ ම ඔබේ කියා","සුසුමන් කියා නොදුන්නු ජීවිතේ සුපෙම් කතාව
කියා දුන්නේ ඔබමයි ලදේ",හුස්ම ,අත්දැකීම ,ජිවිතයේ අත්දැකීම් වලින් ගන්න බැරිවුන  ආදරය සම්බන්ද දේවල් කියාදුන්නේ ඔබයි  ,,,,
Sanda Re,සඳ රෑ,2010,Bathiya and Santhush,භාතිය සහ සන්තුෂ්,Bathiya and Santhush,භාතිය සහ සන්තුෂ්,"සඳ රෑ මගෙ දෑස මානෙ පායා
දැනුනා ඔය නීල දෑසේ සේයා
මතකේ ඇත ප්රේම හීනේ චායා
සැමදා ඔබෙ තුරුලෙ ඉන්නම ඕනා
උතුරා සඳ රේණු පාවී ආවා
දැනෙනා හැගෙනා විදිනා ඒ හීනෙ සේයා
පායලා බාලයේ ආදරේ ගාවා
තේරුනා ආකහේ පාවෙනා සේමා
ආදරේ වෑහෙනා රුව කැඳවාලා ඈ ලංවෙලා
ආදරේ වෑහෙනා රුව කැඳවාලා ඈ ලංවෙලා
සඳ රෑ මගෙ දෑස මානෙ පායා
දැනුනා ඔය නීල දෑසේ සේයා
මතකේ ඇත ප්රේම හීනේ චායා
සැමදා ඔබෙ තුරුලෙ ඉන්නම ඕනා
උතුරා සඳ රේණු පාවී ආවා
දැනෙනා හැගෙනා විදිනා ඒ හීනෙ සේයා
මා පැතූ aමා සිතූ ආදරේ දීලා
මට සිහිවෙනා රෑ පවා ඈගෙ රූ චායා
ආදරේ වෑහෙනා රුව කැඳවාලා ඈ ලංවෙලා
ආදරේ වෑහෙනා රුව කැඳවාලා ඈ ලංවෙලා
සඳ රෑ මගෙ දෑස මානෙ පායා
දැනුනා ඔය නීල දෑසේ සේයා
මතකේ ඇත ප්රේම හීනේ චායා
සැමදා ඔබෙ තුරුලෙ ඉන්නම ඕනා
උතුරා සඳ රේණු පාවී ආවා
දැනෙනා හැගෙනා විදිනා ඒ හීනෙ සේයා",උතුරා සඳ රේණු පාවී ආවා,සොබාදහම ,සොබාදහම ,සද එලිය යහමින් වැටුනා ,,,,
Gayamu Geeyak,ගයමු ගීයක්,2010,Bathiya and Santhush,භාතිය සහ සන්තුෂ්,Bathiya and Santhush,භාතිය සහ සන්තුෂ්,"ගයමු ගීයක් දැන් අපි නිදහසේ
නොගැයු ලෙස කිසිදා ඔබෙ ජීවිතේ...//
දසත රෑව් දීලා හදවත පිනවාලා
සොදුරු දිනයකදී හිරු ලොව එලි කලා
සුන්දර වෙනසක මල් පිපේවි 
දසතේ සොදුරු හැගුම් පැතිරේවි
සිනා හඩක් ඉතිරී යාවී
ඔබෙ හදවතේ
හදුනා ගත්තොත් ඔබ මා තුල සිටිනා
මායම් අතුලා පිලිගන්නමි
සුහද හදි බැදිලා ඔබ මා සැම දිනේ
ගයමු ගීයක් දැන් අපි නිදහසේ
නොගැයු ලෙස කිසිදා ඔබෙ ජීවිතේ...//
සෙනෙහසේ මුදු පැතුම් ඇත දැන් හද පුරා
සොදුරු දිනයකදී හිරු ලොව එලි කලා
සුන්දර වෙනසක ඡායා පෙනේවි
දසතේ සොදුරු හැගුම් පැතිරේවි
සිනා හඩක් ඉතිරී යාවී
ඔබෙ හදවතේ
හදුනා ගත්තොත් ඔබ මා තුල සිටිනා
මායම් අතුලා පිලිගන්නමි
සුහද හදි බැදිලා ඔබ මා සැම දිනේ...//",සුන්දර වෙනසක මල් පිපේවි ,සොබාදහම ,බලපොරෝතුව ,කුමක් හෝ වටිනා වෙනසක් ගැන බලාපොරොත්තු ඇතිවී ඇත ,,,,
Baila Gamuda Remix Karala,බයිලා ගමුද රී මික්ස් කරලා,2010,Bathiya & Shehan Galahitiyawa,භාතිය සහ ෂෙහාන් ගලහිටියාව,Bathiya and Santhush,භාතිය සහ සන්තුෂ්,"රාග තාල පටල ගත්ත
ගීත ලොවම කලඹගත්ත
බයිලා ගමුද රී මික්ස් කරලා
බයිලා ගමුද රී මික්ස් කරලා
බයිලා ගමුද රී මික්ස් කරලා
එයාගේ මස්සිනා දැකල මාව ඔරවලා
යාල් පානමෙන් ගෙනාව පිච්ච මලත් පරවෙලා
යායට පායනා පෝය දාට එක් වෙලා
වැද්දගේ දුවව අරන් පැනල ඕජායේ කියා
බයිලා ගමුද රී මික්ස් කරලා
බයිලා ගමුද රී මික්ස් කරලා
පිං මාළු වලේ කුසල් හාමි මාළු බාන්නට ගියා
ටොක්ක ඇන්න ජෝන් සීනා දැකල නෑනේ මේ ඔයා
ජීවිතේ මල් කියලා කියල කිව්වා රොක් වෙලා
කඩප්පුලියේ හැදුන මල්ලි ලංකාවම දැන් හොයා
බයිලා ගමුද රී මික්ස් කරලා
බයිලා ගමුද රී මික්ස් කරලා
රාග තාල පටල ගත්ත
ගීත ලොවම කලඹගත්ත
බයිලා ගමුද රී මික්ස් කරලා
බයිලා ගමුද රී මික්ස් කරලා
බයිලා ගමුද රී මික්ස් කරලා
සැවැන්දරී හොරෙන් බලා රම්බරී ව වෙන් කලා
රවුම් කඩේ සුපෙම්බරී හඳපානෙම පැන ගියා
අද තනියෙන්ම කියා ප්‍රථම හාදු දෙන්න ගිහිං
කඳුල ගලා ආපු හැටියේ මරඳ වැල්ලේ තනි උනා
බයිලා ගමුද රී මික්ස් කරලා
බයිලා ගමුද රී මික්ස් කරලා
පැතූ පෙමක් අරන් ඇවිත්
I don't know why කියලා
මල් පිට මල් කියලා එයා ඇපල් මලක් දී ගියා
මා දෙස නෙත් නොපියා බලන් හිටිය නංගිලා
සුවඳ තියා මා ළඟ අද ඒකොන් එක්ක පැනගියා
බයිලා ගමුද රී මික්ස් කරලා
බයිලා ගමුද රී මික්ස් කරලා
රාග තාල පටල ගත්ත
ගීත ලොවම කලඹගත්ත
බයිලා ගමුද රී මික්ස් කරලා
බයිලා ගමුද රී මික්ස් කරලා
බයිලා ගමුද රී මික්ස් කරලා
රාග තාල පටල ගත්ත
ගීත ලොවම කලඹගත්ත
බයිලා ගමුද රී මික්ස් කරලා
බයිලා ගමුද රී මික්ස් කරලා
බයිලා ගමුද රී මික්ස් කරලා",යාල් පානමෙන් ගෙනාව පිච්ච මලත් පරවෙලා,සොබාදහම ,කාන්තාව ,යාපනයෙන් කැටුව පැමිණි සුන්දර කාන්තාව අතහැර ගොස් ඇත ,,,,
Master Sir,මාස්ටර් සර්,2010,Karunarathna Abeysekara,කරුණාරත්න අබේසේකර,Bathiya and Santhush,භාතිය සහ සන්තුෂ්,"පනම් අටෙන් මට වැඩිකර දුන්නා
හැකි වුනත් බත් මිටක් දරුවට කවන්න
මාස්ටර් සර් මගෙ හිමි තැන දෙනවාදෝ
අනේ සර් අනුකම්පා නොසිතේදෝ
අප අතරේ කඹ ඇදිල්ලේ තරගේ මේ
නිම වෙන්නට කල් ගත වෙයි දෝ
අනේ සර් අපි මිතුරන් වෙයිදෝ
එදා දවස උදා වේවිදෝ
එදා දවස උදා වේවිදෝ
මට මතක් වෙනවා සුද්දා තැලූ පෙලූ හැටි
අපි කතා කලේ පන ගැහි ගැහි දනින් වැටී
මාස්ටර් සර් මගෙ හිමි තැන මට දෙන්න
අනේ සර් කරුණාවෙන් සලකන්න
අප අතරේ කඹ ඇදිල්ලේ තරගේ මේ
නිම වෙන්නට කල් ගත වෙයි දෝ
අනේ සර් අපි මිතුරන් වෙයිදෝ
එදා දවස උදා වේවිදෝ
අප අතරේ කඹ ඇදිල්ලේ තරගේ මේ
නිම වෙන්නට කල් ගත වෙයි දෝ
අනේ සර් අපි මිතුරන් වෙයිදෝ
එදා දවස උදා වේවිදෝ
එදා දවස උදා වේවිදෝ
එදා දවස උදා වේවිදෝ","අප අතරේ කඹ ඇදිල්ලේ තරගේ මේ
නිම වෙන්නට කල් ගත වෙයි දෝ",තරග,ගැටලු ,අපට විසදාගැනීමට නොහැකි එක්කෙනුකට පමණක් සතුටු වියහැකි මෙම ගැටලුව අවසන් වීමට තව කොපමණ කල් යාවිද යැයි අසයි ,,,,
Sara SIhina,,2010,Duminda Alahendra,දුමින්ද අලහෙන්ද්‍ර,Bathiya and Santhush,භාතිය සහ සන්තුෂ්,"සරා සිහින රහසේ දිවුරා කියා
සිතේ කඳුලු පහසේ මැවුනා සිනා
ඔහේ ඇවිද හා… මා…
හද සිතුවිලි විල කලඹා
හැරදා මා ඔබ ගියදා
හුන් තැන තාමත් රැදිලා
සරා සිහින රහසේ දිවුරා කියා
සිත කදුලැල්ලෙහි තවරා
කලුවර රසකර වින්දා
සඳ සෙවනැල්ලක හැoගී
මගේ ඇස් තනිකර තෙමුනා
එසේ කඳුලු ගැලූ ඒ හීනේ
තවමත් ඔබයි ආදරේ
සරා සිහින රහසේ දිවුරා කියා
සිතේ කඳුලු පහසේ මැවුනා සිනා
ඔහේ ඇවිද හා… මා…
හද සිතුවිලි විල කලඹා
හැරදා මා ඔබ ගියදා
හුන් තැන තාමත් රැදිලා
සරා සිහින රහසේ… දිවුරා කියා
තනි අතකින් හඩ දෙදරා
හරි ආදරයක් හින්දා
යලි කවදාවත් නොවෙනා
මහ සාගරයක හැඬුවා
එසේ කඳුලු ගැයූ ඒ හීනේ
තවමත් ඔබයි ආදරේ
සරා සිහින රහසේ… දිවුරා කියා
සිතේ කඳුලු පහසේ… මැවුනා සිනා
ඔහේ ඇවිද හා… මා…
හද සිතුවිලි විල කලඹා
හැරදා මා ඔබ ගියදා
හුන් තැන තාමත් රැදිලා
සරා සිහින රහසේ …දිවුරා කියා…",හද සිතුවිලි විල කලඹා,විල ,ප්‍රමාණය ,සිතේ  විශාල සිතුවිලි ප්‍රමාණයක් ඇතිකරනවා ,තනි අතකින් හඩ දෙදරා,අත,ප්‍රමාණය ,එක අයෙකු විසින් ආදරය නැවත ඇති බව 
Keheral Kadagena,කෙහෙරැල් කඩාගෙන,2004,Tharupathi Munasinghe,තරුපති මුණසිංහ,Senanayake Weraliyadda,සේනානායක වේරලියද්ද,"කෙහෙරැල් කඩාගෙන ආදර අරුණැල්ලේ
නාඹර නුරා නුඹ ළඟ ඉඳ දිය නෑවේ
බැල්මෙන් කතාවෙන් කලබලයක් නැත්තේ
කොහොමද ළඳුනි ඔය විදිහට
හැඩ බැලුවේ......

කෙහෙරැල් කඩාගෙන ආදර අරුණැල්ලේ
නාඹර නුරා නුඹ ළඟ ඉඳ දිය නෑවේ
බැල්මෙන් කතාවෙන් කලබලයක් නැත්තේ
කොහොමද ළඳුනි ඔය විදිහට
හැඩ බැලුවේ......

නිතරම පෙරෙන්නේ සරදම් කවට කතා
සියොළඟ දුවන්නේ පියකරු සුපෙම්වතා
වන වදුලක සැඟවුණ සිව්පාද සතා
සමග ඔබී ඔබෙ කරවට කිඳුරු පබා......


කෙහෙරැල් කඩාගෙන ආදර අරුණැල්ලේ
නාඹර නුරා නුඹ ළඟ ඉඳ දිය නෑවේ
බැල්මෙන් කතාවෙන් කලබලයක් නැත්තේ
කොහොමද ළඳුනි ඔය විදිහට
හැඩ බැලුවේ......

පුරඟුන් නිදන ඉස්තාලය අතේ අරන්
අරියාදුවට දුන් සිනහව සින්න කරන්
කයිවාරුවට නවගුණ වැල තුරුළු කරන්
කිරිගරුඬෙන් බේසම ළඟ පතුල බලන්.....

කෙහෙරැල් කඩාගෙන ආදර අරුණැල්ලේ
නාඹර නුරා නුඹ ළඟ ඉඳ දිය නෑවේ
බැල්මෙන් කතාවෙන් කලබලයක් නැත්තේ
කොහොමද ළඳුනි ඔය විදිහට
හැඩ බැලුවේ......

කෙහෙරැල් කඩාගෙන ආදර අරුණැල්ලේ
නාඹර නුරා නුඹ ළඟ ඉඳ දිය නෑවේ
බැල්මෙන් කතාවෙන් කලබලයක් නැත්තේ
කොහොමද ළඳුනි ඔය විදිහට
හැඩ බැලුවේ......","පුරඟුන් නිදන ඉස්තාලය අතේ අරන්
අරියාදුවට දුන් සිනහව සින්න කරන්",ස්ථානය ,ශරීරය ,මනරම් ශරීර හැඩයක් හිමි ඇය සිනහව සිරකරගෙන සිටි ,,,,
Sulalitha Wu Kala Mihiren,සූලලිත වූ කලා මිහිරෙන්,2008,Benedict Fernando,බෙනඩික්ට් ප්‍රනාන්දු,Latha Walpola,ලතා වල්පොල,"සූ..ලලිත වූ කලා මිහිරෙන්..
සූ..රම්ය වූ රඟා දෙන මෙන්...
සූමධුර ගී ගයා.. ශෝක සින්දවා
ප්රීති හද වඩවමින්..

සූ..ලලිත වූ කලා මිහිරෙන්..
සූ..රම්ය වූ රඟා දෙන මෙන්...

රූපේ ලංකාරයෙනි... මෝහෙනී මාව මත්වී...

ආශා හෘදේ වැඩේවී......
රූපේ ලංකාරයෙනි... මෝහෙනී මාව මත්වී...
ආශා හෘදේ වැඩේවී...
ලැජ්ජා හිතේයී.....

සූ..ලලිත වූ කලා මිහිරෙන්..
සූ..රම්ය වූ රඟා දෙන මෙන්...
සූමධුර ගී ගයා.. ශෝක සින්දවා
ප්රීති හද වඩවමින්..

සූ..ලලිත වූ කලා මිහිරෙන්..
සූ..රම්ය වූ රඟා දෙන මෙන්...

සපිරි මාගේ.. තරුණ කාලේ...
සිරිය විහිඳේ රඹාසේ....
රුසිරු පානා.. කොමල මූනා...
රෝස මල වගෙ දිලෙන්නා.....

සපිරි මාගේ.. තරුණ කාලේ...
සිරිය විහිඳේ රඹාසේ....
රුසිරු පානා.. කොමල මූනා...
රෝස මල වගෙ දිලෙන්නා.....

අමර ප්රේම දාලා... මධුර මී උරාලා...
සැපතෙහි ගැලීලා....

අමර ප්රේම දාලා... මධුර මී උරාලා...
සැපතෙහි ගැලීලා....
ප්රේම ලොවේ......

ප්රීති වන ලෙස මෙමා හා

ප්රේම රස විඳ නිතී දා
තාම ඇයි පරමාදේ මේ....

ප්රීති වන ලෙස මෙමා හා
ප්රේම රස විඳ නිතී දා
තාම ඇයි පරමාදේ මේ....

සූ..ලලිත වූ කලා මිහිරෙන්..
සූ..රම්ය වූ රඟා දෙන මෙන්...
සූමධුර ගී ගයා.. ශෝක සින්දවා
ප්රීති හද වඩවමින්..

සූ..ලලිත වූ කලා මිහිරෙන්..
සූ..රම්ය වූ රඟා දෙන මෙන්...","අමර ප්රේම දාලා... මධුර මී උරාලා...
සැපතෙහි ගැලීලා....",ආහාර ,ශුන්ගාරය ,නිමක් නොවෙන ආදරය ඇතිව සැප විදිමින් ආදරයෙන් වෙලී ඇත ,,,,
Keewa,කීවා,2010,Bathiya Santhush,භාතිය සහ සන්තුෂ්,Bathiya Santhush,භාතිය සහ සන්තුෂ්,"කීවා
සුලඟ මට කීවා
කීවා
සුළඟ හා ආවා කියා ඔයා
කීවා
සුලඟ මට කීවා
කීවා
පෙම් හිත ගෙනාවා කියා ඔයා
දෝරේ ගලනා
ඔබේ සිනා
මුසුවූ තුති ගී ගීතිකා
හද රිද්මේ පාරා රැව් දිදී
තුරුලිය තුරුලේ පෙම් සුව විඳී
හිත ගිය තැනක සදහටම ඉන්නට
ලස්සන හිතක් කොහෙද ඔය හිත මිස
පෙම්බස් හුඟක් රසට මුමුණන්නද මා
හිත ගිය තැනක සදහටම ඉන්නට
ලස්සන හිතක් කොහෙද ඔය හිත මිස
හිත්දෙක හිතක් කෙලෙස අමුනන්නද මා
කීවා
සුලඟ මට කීවා
කීවා
පෙම් හිත ගෙනාවා කියා ඔයා
කීවා
සුලඟ මට කීවා
කීවා
පෙම් හිත ගෙනාවා කියා ඔයා
දෝරේ ගලනා
ඔබේ සිනා
මුසුවූ තුති ගීතිකා
හද රිද්මේ පාරා රැව් දිදී
තුරුලිය තුරුලේ පෙම් සුව විඳී
හිත ගිය තැනක සදහටම ඉන්නට
ලස්සන හිතක් කොහෙද ඔය හිත මිස
පෙම්බස් හුඟක් රසට මුමුණන්නද මා
හිත ගිය තැනක සදහටම ඉන්නට
ලස්සන හිතක් කොහෙද ඔය හිත මිස
හිත්දෙක හිතක් කෙලෙස අමුනන්නද මා","කීවා සුලඟ මට කීවා
කීවා සුළඟ හා ආවා කියා ඔයා",සොබාදහම ,ආරංචිය ,ඔබ පැමිණුන ආරංචිය මට ඔබේ සුවදින් දැනුන බව ,,,,
Ne no,නෑනෝ,2010,Bathiya and Santhush,භාතිය සහ සන්තුෂ්,Bathiya and Santhush,භාතිය සහ සන්තුෂ්,"නෑනෝ
නෑනෝ
Eh-oh-eh-oh, eh-oh-eh-oh
Eh-oh-eh-oh, eh-oh-eh-oh
කට තිබුණට මූණ පුරා
(නෑනෝ) කියවන්නට එන්න එපා
(නෑනෝ) පද මාලා ගොතපු කෙනා
(නෑනෝ) ගම දාලා යන්න ගියා
අපි දෙන්නගෙ ප්රේම කතා
(නෑනෝ) ලිය වෙන්නට කාලෙ හොඳා
(නෑනෝ) කර මාලා සේල ගොතා
(නෑනෝ) කර කාරෙක යම්ද සුදා?
මම දන්නැති දහසක් දේ (ඇත්තට)
ගම්මු ලියනකොට ලිඳ ඇන්දේ
පතිවෘත්තා රකින්න යන්නේ
කැන්දන් යන්නේ මමමයි ලන්දේ (හනේ)
රස්තියාදුකම් අරන් එනවනම් (නෑනෝ)
වන්නම් 18 මං පෙන්නන්නම්
දස බිම්බර සෙනඟ ගෙනල්ලා
මං නං බය වෙන්නෙ නෑ
මම දන්නැති දහසක් දේ (මොකක්ද?)
ගම්මු ලියනකොට ලිඳ ඇන්දේ
පතිවෘත්තා රකින්න යන්නේ
කැන්දන් යන්නේ මමමයි ලන්දේ
ඒක කොරනකං බලා ඉඳී මං
පෝරිසාදකම් දෙව්ලොව යනකම්
මං බහ දෙන කෙනාව හොයලා
පිට ගම් යනවා මං (Aha, aha)
කට තිබුණට මූණ පුරා
(නෑනෝ) කියවන්නට එන්න එපා
(නෑනෝ) පද මාලා ගොතපු කෙනා
(නෑනෝ) ගම දාලා යන්න ගියා
අපි දෙන්නගෙ ප්රේම කතා
(නෑනෝ) ලිය වෙන්නට කාලෙ හොඳා
(නෑනෝ) කර මාලා සේල ගොතා
(නෑනෝ) කර කාරෙක යම්ද සුදා?
Eh-oh-eh-oh, eh-oh-eh-oh
Eh-oh-eh-oh, eh-oh-eh-oh
දිලිසෙන්නැති හද දිස්නේ
ගැම්මක් නැතුවම ඇයි හිත බැන්දේ?
පිට රස්සා කරන්න යන්නේ
කැන්දන් යන්නේ මමමයි ලන්දේ
ඒක කොරනකම් බලා ඉඳී මන්
පෝරිසාදකම් දෙව්ලොව යනකම්
මං බහ දෙන කෙනාව හොයලා
පිට ගම් යනවා මං
කැන්දන් යන්නේ මමමයි ලන්දේ
ගැම්මක් නැතුවම ඇයි හිත බැන්දේ?
පතිවෘත්තා රකින්න යන්නේ
ආයෙත් නම් මං නෑ ඉවසන්නේ
හීන පේනකං නිදාන ඉන්නේ
දවල් හීනයක සුවඳ තියෙන්නේ
ඇවැස්ස නෑකම් ඇපේට තියලා
පිට ගම් යනවා මං
කට තිබුණට මූණ පුරා
(නෑනෝ) කියවන්නට එන්න එපා
(නෑනෝ) පද මාලා ගොතපු කෙනා
(නෑනෝ) ගම දාලා යන්න ගියා
අපි දෙන්නගෙ ප්රේම කතා
(නෑනෝ) ලිය වෙන්නට කාලෙ හොඳා
(නෑනෝ) කර මාලා සේල ගොතා
(නෑනෝ) කර කාරෙක යම්ද සුදා? (නෑ...)
නෑනෝ
නෑනෝ
නෑනෝ
කට තිබුණට මූණ පුරා
(නෑනෝ) කියවන්නට එන්න එපා
(නෑනෝ) පද මාලා ගොතපු කෙනා
(නෑනෝ) ගම දාලා යන්න ගියා
අපි දෙන්නගෙ ප්රේම කතා
(නෑනෝ) ලිය වෙන්නට කාලෙ හොඳා
(නෑනෝ) කර මාලා සේල ගොතා
(නෑනෝ) කර කාරෙක යම්ද සුදා?
කට තිබුණට මූණ පුරා
(නෑනෝ) කියවන්නට එන්න එපා
(නෑනෝ) පද මාලා ගොතපු කෙනා
(නෑනෝ) ගම දාලා යන්න ගියා
නෑනෝ!","රස්තියාදුකම් අරන් එනවනම් (නෑනෝ)
වන්නම් 18 මං පෙන්නන්නම්
දස බිම්බර සෙනඟ ගෙනල්ලා
මං නං බය වෙන්නෙ නෑ",නැටුම ,හැකියාව ,අනවශ්‍ය බලපෑම් කිරිමට සැරසුනොත් මා හට කිරීමට පුළුවන් දේ කරලා පෙන්වන බව ,,,,
Yalpaname,යාල් පානමේ,2010,Randhir Witana,රන්ධීර් විතාන,Bathiya and Santhush,භාතිය සහ සන්තුෂ්,"යාල් පානමේ පිපිච්ච පිච්ච මල් ගොතා
යාල් දේවියෙන් වඩින්න නිත්‍ය රංජනා
කෝලම් රටා වැටිච්ච ලෝකේ පතා
හිතේ පැතුම අරන් යමුද ආවඩා කියා


Vaa.. annodu senthu paada vaa
inbam kondu vaa
nenjil ulla varthai kondu vaa..
annodu sendu paada vaa..
thunbam marakawa mel anrada ringa

යාල් පානමේ පිපිච්ච පිච්ච මල් ගොතා
යාල් දේවියෙන් වඩින්න නිත්‍ය රංජනා
කෝලම් රටා වැටිච්ච ලෝකේ පතා
හිතේ පැතුම අරන් යමුද ආවඩා කියා

දිගට පිච්ච මල් වැටිච්ච මන්දහාස පාලා
හොරට අයි බැලුම් හෙලන්නේ එන්න යන්න මාහා
එකම අහස යටින් ඉන්න කවුද දැම්මේ බාධා
කිට්ටු වන්ත කම් කියන්න සින්දු තාල
ගී ගයේවි ආයේ

යාල් පානමේ පිපිච්ච පිච්ච මල් ගොතා
යාල් දේවියෙන් වඩින්න නිත්‍ය රංජනා
කෝලම් රටා වැටිච්ච ලෝකේ පතා
හිතේ පැතුම අරන් යමුද ආවඩා කියා

Poodumaa inda artham podumaa

vendumaa innam konjam vendumaa
ජීවිතේ දුක් සුසුම් සිතින් දරා
ආදරේ කවිය ලියමු රන්ජනා....

රෙගරි සස/// රෙ රේ රේ රෙ
රෙගරි සස ධධ නිනි සස රෙරේ ගමගරිස
පමම පාගාගග පරෙරෙරේ ගෙරෙරේ
සරිගමපධනිස රිස ධනිධම මග පමගරිස

යාල් පානමේ පිපිච්ච පිච්ච මල් ගොතා
යාල් දේවියෙන් වඩින්න නිත්‍ය රංජනා
කෝලම් රටා වැටිච්ච ලෝකේ පතා
හිතේ පැතුම අරන් යමුද ආවඩා කියා

Vaa andru sollil ulla artham sollavaa

then pondra pengaloda aadippadavaa
indru anga ulagam angu vegan sollavaa
kanavu nanawu irandu serdha
kavidai allavaa

යාල් පානමේ පිපිච්ච පිච්ච මල් ගොතා

යාල් දේවියෙන් වඩින්න නිත්‍ය රංජනා
කෝලම් රටා වැටිච්ච ලෝකේ පතා

හිතේ පැතුම අරන් යමුද ආවඩා කියා",දිගට පිච්ච මල් වැටිච්ච මන්දහාස පාලා,සොබාදහම ,සිනහව,ඉතාමත් අලංකාර සිහනහවක් ඇති බව ,,,,
Sundarai Ahinhasakai,සුන්දරයි අහිංසකයි,2005,Ayasanka,අයසංක,Nalin Perera - Marians,නලින් පෙරේරා - මේරියන්ස්,"අයියයියයි යාරේ රිරී
අයියයියයි යාරේ රිරී
අයියයියයි යාරේ රිරී
අයියයියයි යාරේ රිරී

සුන්දරයි අහිංසකයි.. ඔබ හරිම ලෙන්ගතුයි
දවසින්‌ දවසට මම වැඩි වැඩියෙන්‌ ආදරෙයි
මගෙ හිතේ පිරි තිබෙන හැඟුම්‌ කෝටියයි
මම තවම එයින්‌ ඔබට කීවේ භාගයයි
මම තවම එයින්‌ ඔබට කීවේ භාගයයි

සුන්දරයි අහිංසකයි.. ඔබ හරිම ලෙන්ගතුයි
දවසින්‌ දවසට මම වැඩි වැඩියෙන්‌ ආදරෙයි
මගෙ හිතේ පිරි තිබෙන හැඟුම්‌ කෝටියයි
මම තවම එයින්‌ ඔබට කීවේ භාගයයි
මම තවම එයින්‌ ඔබට කීවේ භාගයයි

අයියයියයි යාරේ රිරී
අයියයියයි යාරේ රිරී
අයියයියයි යාරේ රිරී
අයියයියයි යාරේ රිරී

නිකළැල්‌ පැතුමන්‌ අතරින්‌ ඔබ ගැන සිතමින්‌
අලුතින්‌ හුස්මක්‌ අරගන්නම්

නිකළැල්‌ පැතුමන්‌ අතරින්‌ ඔබ ගැන සිතමින්‌
අලුතින්‌ හුස්මක්‌ අරගන්නම්
දෝතට ගත්‌ නෙළුමක්‌ ලෙස
සැනසීමෙන්‌ ඔබ සිපගෙන
මගෙ ළයට ළං කරගන්නම්

සුන්දරයි අහිංසකයි.. ඔබ හරිම ලෙන්ගතුයි
දවසින්‌ දවසට මම වැඩි වැඩියෙන්‌ ආදරෙයි
මගෙ හිතේ පිරි තිබෙන හැඟුම්‌ කෝටියයි
මම තවම එයින්‌ ඔබට කීවේ භාගයයි
මම තවම එයින්‌ ඔබට කීවේ භාගයයි

අයියයියයි යාරේ රිරී
අයියයියයි යාරේ රිරී
අයියයියයි යාරේ රිරී
අයියයියයි යාරේ රිරී

පෙර සිට සසරෙහි භවයෙන්‌ භවයට මෙලෙසින්‌
එන්නට ඇත අප වෙන්‌ නොවෙමින්‌

පෙර සිට සසරෙහි භවයෙන්‌ භවයට මෙලෙසින්‌
එන්නට ඇත අප වෙන්‌ නොවෙමින්‌
මා හද ගත්‌ පෙම්වන්තිය
හැමදාමත්‌ මගෙ පණ ඔබ
සදාදරෙන්‌ මං සුරකින්නම්

සුන්දරයි අහිංසකයි.. ඔබ හරිම ලෙන්ගතුයි
දවසින්‌ දවසට මම වැඩි වැඩියෙන්‌ ආදරෙයි
මගෙ හිතේ පිරි තිබෙන හැඟුම්‌ කෝටියයි
මම තවම එයින්‌ ඔබට කීවේ භාගයයි
මම තවම එයින්‌ ඔබට කීවේ භාගයයි

සුන්දරයි අහිංසකයි.. ඔබ හරිම ලෙන්ගතුයි
දවසින්‌ දවසට මම වැඩි වැඩියෙන්‌ ආදරෙයි
මගෙ හිතේ පිරි තිබෙන හැඟුම්‌ කෝටියයි
මම තවම එයින්‌ ඔබට කීවේ භාගයයි
මම තවම එයින්‌ ඔබට කීවේ භාගයයි

අයියයියයි යාරේ රිරී
අයියයියයි යාරේ රිරී
අයියයියයි යාරේ රිරී
අයියයියයි යාරේ රිරී

අයියයියයි යාරේ රිරී
අයියයියයි යාරේ රිරී
අයියයියයි යාරේ රිරී
අයියයියයි යාරේ රිරී

අයියයියයි යාරේ රිරී
අයියයියයි යාරේ රිරී
අයියයියයියයි යාරේ රී
අයියයියයි යාරේ රිරී

අයියයියයි යාරේ රිරී
අයියයියයි යාරේ රිරී
අයි යයි යයි යාරේ රිරී
අයියයියයි යාරේ රිරී","දෝතට ගත්‌ නෙළුමක්‌ ලෙස
සැනසීමෙන්‌ ඔබ සිපගෙන",සොබාදහම ,කාන්තාව ,ඉතා පරෙස්සමින් ආදරයෙන් සිපගන්නා බව ,,,,
Amritha,අම්රිතා,2005,Kelum Srimal,කැළුම් ශ්‍රීමාල්,Nalin Perera - Marians,නලින් පෙරේරා - මේරියන්ස්,"ඈ...
අම්රිතා දේවි නම් රූ ශ්රියා
මා වේ...
ඇගේ පෙම්සාර ලන්දේසියා
ඈ...
සුන්දරී අම්රිතා
ඈ...
අම්රිතා දේවි නම් රූ ශ්රියා
මා වේ...
ඇගේ පෙම්සාර ලන්දේසියා
ඈ...
සුන්දරී අම්රිතා
ඉතා ඈ රුව නිසා
ඈ ඉතාලිය නිසා
ඉතා ඈ රුව නිසා
ඈ ඉතාලිය නිසා
රූඩු ගී ගොත ගොතා
කුරුටුගා දිනපතා
හෘදයේ ඇහිරිලා
ස්පන්දනේ නැවතුණා
ෆූජියාමා කඳු ධාරා
උදුරා දා ඇය නිසා
ඈ...
අම්රිතා දේවි නම් රූ ශ්රියා
මා වේ...
ඇගේ පෙම්සාර ලන්දේසියා
ඈ...
සුන්දරී අම්රිතා
පතා ඇගේ අත පතා
ඈ පතා හිත පතා
පතා ඇගේ අත පතා
ඈ පතා හිත පතා
ඇල්කොහොල් තොල ගගා
රෑ දිවා දිය උනා
ආදරේ උහුලලා
කඳුළු ලෝදිය ගලා
මරියානා ආගාධේ
පුරවා දා ඈ නිසා
ඈ...
අම්රිතා දේවි නම් රූ ශ්රියා
මා වේ...
ඇගේ පෙම්සාර ලන්දේසියා
ඈ...
සුන්දරී අම්රිතා
ඈ...
අම්රිතා දේවි නම් රූ ශ්රියා
මා වේ...
ඇගේ පෙම්සාර ලන්දේසියා
ඈ...
සුන්දරී අම්රිතා","කඳුළු ලෝදිය ගලා
මරියානා ආගාධේ
පුරවා දා ඈ නිසා",සොබාදහම ,දුක ,කෙනෙක් නිසා ඉතා විශාල ප්‍රමාණයක කඳුළු සලා ඇති බව ,,,,
Api Nogiya Thenak Ne,අපි නොගිය තැනක් නෑ,2005,Marians,මේරියන්ස්,Nalin Perera - Marians,නලින් පෙරේරා - මේරියන්ස්,"මල් වගේ මගේ වටේ හිටපු ලස්සන කෙල්ලෝ
ආදරේ දීලා මාව නැලෙව්වා ඒගොල්ලෝ
මල් වගේ මගේ වටේ හිටපු ලස්සන කෙල්ලෝ
ආදරේ දීලා මාව නැලෙව්වා ඒගොල්ලෝ
අපි නොගිය තැනක් නෑ
අපි නොකළ දෙයක් නෑ
මම අමතක කළේ නෑ
අමතක වෙන්නෙත් නෑ
අපි නොගිය තැනක් නෑ
අපි නොකළ දෙයක් නෑ
මම අමතක කළේ නෑ
අමතක වෙන්නෙත් නෑ
මගේ මුල්ම ප්රේමවන්තිය එක පංතියේ හිටියේ
මම බෘංග රාජය ප්රේම කෙරුවේ ඈට සිතේ 
ප්රේම හසුන් ලිය ලියා
ප්රේම කතා කිය කියා
හිටපු ඈව හොඳම මිතුරා අරගෙන පැන්නේ
අවුරුදු දහයක් ගෙවිලා
ඈ දැන් කසාද බැඳලා
තාමත් ඉඳහිට මග තොට මට හමු වෙනවා
මගේ පෙම්බර මාලා
හනේ එයාව දැකලා
තව පාරක් ලව් කරන්න ආස හිතෙනවා
අපි නොගිය තැනක් නෑ
අපි නොකළ දෙයක් නෑ
මම අමතක කළේ නෑ
අමතක වෙන්නෙත් නෑ
මගේ දෙවැනි ප්රේමවන්තිය
රෝහලේ හමුවුණේ
අසනීප වෙලා ඉද්දි
මට ඇයයි සැලකුවේ
මගේ ඔළුව අත ගගා
මගෙ කකුල් මිරිකළා
හිටපු ඈව දැකලා මගේ වයිෆ් තදවෙලා
(ආ මතක නෑ...)
(මතක නෑ ඔහේට ඔහේ බැඳලයි කියලා නේ)
(යන යන තැන තමුසෙ එක්ක කෙල්ලොත් සෙට්වෙලා)
එයා මට බැණ වැදුනා
මට මේ ලෙස හිතුනා
නොබැඳ හිටපු කාලෙ තරම් සැප නෑ කියලා
නොබැඳ හිටපු කාලෙ තරම් සැප නෑ කියලා
(සැප, නාකි විසේ)
අපි නොගිය තැනක් නෑ
අපි නොකළ දෙයක් නෑ
මම අමතක කළේ නෑ
අමතක වෙන්නෙත් නෑ
අපි නොගිය තැනක් නෑ
අපි නොකළ දෙයක් නෑ
මම අමතක කළේ නෑ
අමතක වෙන්නෙත් නෑ
නෑ නෑ නොගිය තැනක් නෑ
අපි නොකළ දෙයක් නෑ
මම අමතක කළේ නෑ
අමතක වෙන්නෙත් නෑ",මම බෘංග රාජය ප්රේම කෙරුවේ ඈට සිතේ ,සතුන් ,මිනිසුන් ,ඇයට අධිකව ආදරය කල බව ,,,,
Supem Suwadak Aran,සුපෙම් සුවඳක් අරන්,2006,Roshan Fernando,රොෂාන් ප්‍රනාන්දු,Roshan Fernando,රොෂාන් ප්‍රනාන්දු,"සුපෙම් සුවඳක් අරන්
ඇවිත් සුළගක් ලෙසින්
සදා රැදෙනු සිතේ
ඔබයි මගේ ජිවිතේ

හිනා අහුරක් අරන්
නැවුම් පැතුමක් ලෙසින්
සදා රැදෙනු සිතේ
ඔබයි මගේ ජිවිතේ

පහන් තරුවක් වෙලා
ඔබේ ලෝකය පුරා
හිදින්නම් සැමදා
ලගින් මියෙනා තුරා

ඔබේ සෙවනට වෙලා
දෙපා මුල දැවටිලා
රැදී ඉන්නම් සදා
හදින් සෙනෙහස පුදා

සුපෙම් සුවඳක් අරන්
ඇවිත් සුළගක් ලෙසින්
සදා රැදෙනු සිතේ
ඔබයි මගේ ජිවිතේ

ඔබේ සුරතල් සිනා
නිවයි දුක් වේදනා
පීරී සිත සැනසුනා
හදේ සෙනෙහස නිසා

බැතින් පෙරුමන් පුරා

ඇවිත් සසරේ සරා
හිතේ නැවතුනු නිසා
මමත් ඔබගෙයි සදා

සුපෙම් සුවඳක් අරන්

ඇවිත් සුළගක් ලෙසින්
සදා රැදෙනු සිතේ
ඔබයි මගේ ජිවිතේ

හිනා අහුරක් අරන්
නැවුම් පැතුමක් ලෙසින්
සදා රැදෙනු සිතේ
ඔබයි මගේ ජිවිතේ

හ්ම් හ්ම්.... හ්ම් හ්ම් හ්ම් හ්ම්
හ්ම් හ්ම්.... හ්ම් හ්ම් හ්ම් හ්ම්

හ්ම් හ්ම්.... හ්ම් හ්ම් හ්ම් හ්ම්
හ්ම් හ්ම්.... හ්ම් හ්ම් හ්ම් හ්ම්","පහන් තරුවක් වෙලා
ඔබේ ලෝකය පුරා
හිදින්නම් සැමදා",සොබාදහම ,ආරක්ෂාව ,ආරක්ෂාව රැකවරණය වෙමින් ජිවිත කාලය පුරාම බලාගන්නා බව,,,,
Thawa Eka Serayak,තව එක සැරයක්,2002,Roshan Fernando,රොෂාන් ප්‍රනාන්දු,Roshan Fernando,රොෂාන් ප්‍රනාන්දු,"තව එක සැරයක් ඔබ හමුවන්නට ඇතිනම්..
නොසඟවා පවසන්නම්..
ඔබට ආදරෙයි මං..
නැහැ ඉවසිල්ලක් සිත ඔබ විමසනවා දැන්..
කුමක් කරන්නද මං..
ඔබට ආදරෙයි නම්..

විලේ නෙළුම් මල් කොපමන තිබුනත්..
එක මලකට පෙම්කරමි සිතින්..
නෙළන්න ආසයි දෝතින් ඒ මල..
මගේම වන්නට හැමදාමත්..

පාළුව තනිකම මට වද දෙන විට..
කෙලෙසද මා එය ඉවසන්නේ..
ළඟින් නොසිටියත් දෙතැනක සිටියත්..
ඔබේ සුවඳ මා ළඟ රැඳුනේ..
","විලේ නෙළුම් මල් කොපමන තිබුනත්
එක මලකට පෙම්කරමි සිතින්",සොබාදහම ,කාන්තාව ,කෙතරම් කාන්තාවන් හිටියත් එකම කෙනෙක්ට පමණක් ආදරය කරනා බව ,,,,
Ma Sitha Bandune,මා සිත බැදුනේ,2006,Roshan Fernando,රොෂාන් ප්‍රනාන්දු,Roshan Fernando,රොෂාන් ප්‍රනාන්දු,"මා සිත බැදුනේ
ඔබටයි ප්‍රිය ලදුනේ
සැමදා මා ආදරෙයි
ආදරෙයි ආදරෙයි
දිවුරා කියමී මෙසේ
ඔබට මා ආදරෙයි


සිතුවේ ඔබ ගැනමයි
යහනේ මා තනිවී
සිතුවේ ඔබ ගැනමයි
යහනේ මා තනිවී
පිරුනා සිත මගේ
සෙනෙහසින් අවදී වී
හැරදා නොයමී ලදේ

සැමදා ඔබ මගේ


ගතින් ඔබ ඈතයි
සිතින් ඔබ ලගමයි
ගතින් ඔබ ඈතයි
සිතින් ඔබ ලගමයි
කවදා හමු වේවිදෝ
දෙදෙනා හැබැහින්
හිනැහී ලන්වෙවිදෝ
තුරුළු වී ආදරෙන්

මා සිත බැදුනේ

ඔබටයි ප්‍රිය ලදුනේ
සැමදා මා ආදරෙයි
ආදරෙයි ආදරෙයි
දිවුරා කියමී මෙසේ

ඔබට මා ආදරෙයි","පිරුනා සිත මගේ
සෙනෙහසින් අවදී වී
",ක්‍රියාව ,හැගීම් ,සිතට ආදරයක් දැනී ඇති බව ,,,,
Sandawathiya Obai,සඳවතිය ඔබයි,2010,Roshan Fernando,රොෂාන් ප්‍රනාන්දු,Roshan Fernando,රොෂාන් ප්‍රනාන්දු,"සඳවතිය ඔබයි....
මුදු සුවය ඔබයි....
මගෙ ජීවිතේ.....
මගෙ ජීවිතේ....
අපි අපේ වෙමු සදා...
හිරු කුමරු ඔබයි...
මට දිරිය ඔබයි...
මගෙ ජීවිතේ...
මගෙ ජීවිතේ...
අපි අපේ වෙමු සදා...
මේ භවයේ.....ඔබ මා සොයලා..

ලංවූවා.....සෙනෙහේ පුදලා..
කතරක වැහිදිය පොදක්වගේ
හමුවූවා......ඔබ හමුවූවා..
සඳවතිය ඔබයි....
මට දිරිය ඔබයි...
මගෙ ජීවිතේ...
මගෙ ජීවිතේ...
අපි අපේ වෙමු සදා...

ඔබහා මා.......සතුටින් හිදිමූ...

දිවි ගමනේ....අපි එකට යමූ...
සමුගන්නාදා ලෝකයෙන්
එකට යමූ.....අපි එකට යමූ.....
සඳවතිය ඔබයි....
මුදු සුවය ඔබයි....
මගෙ ජීවිතේ.....
මගෙ ජීවිතේ....
අපි අපේ වෙමු සදා...
හිරු කුමරු ඔබයි...
මට දිරිය ඔබයි...
මගෙ ජීවිතේ...
මගෙ ජීවිතේ...
අපි අපේ වෙමු සදා...
අපි අපේ වෙමු සදා...

අපි අපේ වෙමු සදා...","ලංවූවා සෙනෙහේ පුදලා
කතරක වැහිදිය පොදක්වගේ",සොබාදහම ,හැගීම් ,ආදරයක් නැති තැනට ආදරයක් ලැබුන බව ,,,,
Hima Kumariye,හිම කුමාරියේ,2006,Christina and Rohitha j.,ක්‍රිස්ටිනා සහ රෝහිත ජේ.,Jaya Sri,ජයශ්‍රී,"සීතම සීත හිම කාලේ
සුදෝ සුදු හිම වැස්සේ
ඔබේ දෑත පැටලිලා
ඈත එපිට හිම යායේ
තනිවෙන්න සිපගන්න ආසයි
මගෙ හිම කුමරියේ
තනිවෙන්න දග වෙන්න ආසයි
මගෙ හිම කුමරියේ
සීත සෘතුව බොද වෙලා
වසන්තයේ සොදුරු රැයේ
තනිව ඉකිබිදිනා චෙරියායේ
ගීයකින් මගේ හදේ
ඇන්ද ඒ ලස්සන
අමතක කරන්න ලෝබයි
මගෙ හිම කුමරී
සීතම සීත හිම කාලේ
සුදෝ සුදු හිම වැස්සේ
ඔබේ දෑත පැටලිලා
ඈත එපිට හිම යායේ
තනිවෙන්න සිපගන්න ආසයි
මගෙ හිම කුමරියේ
තනිවෙන්න දග වෙන්න ආසයි
මගෙ හිම කුමරියේ
පාලු නිදි නැති යාමේ
ළංවෙලා තෙපලු කතා
සිහිනයකි වගේ මතකේ
කිසිදා උරුම වී නැතත්
ඔබේ දෙතොල් සිපගන්නට
දෙන්නකෝ දෙන්නකෝ
හිම කුමරී
සීතම සීත හිම කාලේ
සුදෝ සුදු හිම වැස්සේ
ඔබේ දෑත පැටලිලා
ඈත එපිට හිම යායේ
තනිවෙන්න සිපගන්න ආසයි
මගෙ හිම කුමරියේ
තනිවෙන්න දග වෙන්න ආසයි
මගෙ හිම කුමරියේ",මගෙ හිම කුමරියේ,සොබාදහම ,කාන්තාව ,සීත සෘතුවේ හමුවූ කාන්තාව ,,,,
Kiyanna Kiyanna,කියන්න කියන්න,2006,Rohitha Jayalath,රෝහිත ජයලත් ,Jaya Sri,ජයශ්‍රී,"කියන්න කියන්න
හද රැඳි දේ මා සමගේ…
කියන්න කියන්න
ඇති සැම දේ රිසි සේ….

හද පුරා ආදරේ ඔබටයි ඉඩ හදවතේ
දිස්වේවි මුතු සිනා දෙනුවන් යුග ලග මගේ
මන්මත් සිත පුරා කලබේ වේදනා හැගුම්
නොදනී ඒ අස්සිල්ලේ කියවේ ඔබ ඔබේ නම හොරෙන්

කියන්න කියන්න
හද රැඳි දේ මා සමගේ….
කියන්න කියන්න…
ඇති සැම දේ රිසි සේ …

නිදි වරා ජීවිතේ මා ගෙතු ගීතයේ
දැවටෙයි ඔබ කි වදන් දෙසවන් යුග ළඟ මගේ
සුදුවන් පිටු පුරා බිහිවෙයි ගී ඔබේ නමින්
නොසිතා ඒ පිටු කොනේ ලියවෙයි ඔබ නම හොරෙන්

කියන්න කියන්න
හද රැඳි දේ මා සමගේ…
කියන්න කියන්න
ඇති සැම දේ රිසි සේ….",දිස්වේවි මුතු සිනා දෙනුවන් යුග ලග මගේ,වටිනා ද්‍රව්‍ය ,අලංකාරය ,ඉතා අලංකාර සිනහවක් පෙනෙන බව ,,,,
Thatu Denawado,තටු දෙනවාදෝ,2006,Rohitha Jayalath,රෝහිත ජයලත් ,Jaya Sri,ජයශ්‍රී,"තටු දෙනවාදෝ කිඳුරියේ
තටු දෙනවාදෝ කිඳුරියේ ඔබ වටා...
ඉගිලෙන්නම් සිහිනයේ ඉම සොයා...
ඈතට පාවී ඈතට පාවී යන්න මගේ කල්පනා
බොඳ වේවී ඔබෙ රුව බොඳ වේවී සිතුවම් ඔබේ සිනා
දේදුනු පාට පාට ලෝකේ තනිවෙමුදෝ තනිවෙමුදෝ
පාවෙන මන් මත් සිහිනේ හැරයමුදෝ හැරයමුදෝ
පාලු විජිතයේ අපි අද තනිවෙලා...
ජීවිත කතරේ අතරමන් වෙලා...
ඔබේ දෙපා මුල ඒ දෙපා මුල නැවතුනු මගෙ ජීවේ
මෙලොවත් නැති කර එලොවක් යා කල මගේ සොඳුරියේ
හමුවූ මුල්ම දිනේ ලොවම නැවතුනා නැවතුනා
රැඳුනා හද රැඳුනා සිත සැලුනා සැලුනා
පාලු විජිතයේ අපි අද තනිවෙලා...
ජීවිත කතරේ අතරමන් වෙලා...
හැරදා යන්න මට තනිවන්න මගේ කිඳුරියේ...
අවසර දෙන්න මට අවදිවන්න නොනිමෙනා සිහිනයේ.",තටු දෙනවාදෝ කිඳුරියේ,සතුන් ,අවසර ,ආදරය කරන පුද්ගලයාගෙන් අවසර ඉල්ලීම ,,,,
Penena Nopenena,පෙනෙන නොපෙනෙන,2010,Rachitha Vakista,රචිත වාකිෂ්ඨ,Athma Liyanage,ආත්මා ලියනගේ,"පෙනෙන නොපෙනෙන දුරක ඉඳන්
නුඹ ඇවිත් හිත ලඟට හොරෙන්
ආවාට නොකියාම ජීවිතෙන්
නවතින්න හිතුවාද ආයෙමත් ආදරෙන්
දකින හිමිවන හීනේ, නුඹ කොතැන හිටියා
මතක සැමරුම් අතරේ, ජීවිතය තිබුනා
හඩන නිනැහෙන නෙත් නුඹේ, උරහිසේ තිබුනා
ඇත්තමයි නුඹ අහසක්, වගේමයි හිතුනා
නුහුරු නුපුරුදු හීන අරන්
ලඟට ඇවිදින් තුරුලු වෙමින්
ආවාට නොකියාම ජීවිතෙන්
නවතින්න හිතුවාද ආයෙමත් ආදරෙන්
මිරිඟුවක හිත තියලා, නුඹ දුරක ඇදුනා
රංචු ගැහෙනා රෑනේ, තනිකමක් දැනුනා
ඇසිල්ලක දුටු හීනෙන්, හිත හුඟක් රිදුනා
අරුත නොදකින සෙනෙහේ, ඔය නමත් රැඳුනා
පෙනෙන නොපෙනෙන දුරක ඉඳන්
නුඹ ඇවිත් හිත ලඟට හොරෙන්
ආවාට නොකියාම ජීවිතෙන්
නවතින්න හිතුවාද ආයෙමත් ආදරෙන්
ආවාට නොකියාම ජීවිතෙන්
නවතින්න හිතුවාද ආයෙමත් ආදරෙන්
ආයෙමත් ආදරෙන්
","හඩන නිනැහෙන නෙත් නුඹේ, උරහිසේ තිබුනා
ඇත්තමයි නුඹ අහසක්, වගේමයි හිතුනා",සොබාදහම ,ආදරය ,නුබ ආදරණිය නිදහස් කෙනෙක් බව ,,,,
Sitha Dura Handa,හිත දුර හන්දා,2010,Thilina Ruhunage,තිළිණ රුහුණගේ,Athma Liyanage,ආත්මා ලියනගේ,"හිත දුර හන්දා නෙතු ළග හංගා
සිහින ගණින හින්දා
තනිකම හංගා ඈතක රන්දා
මතක හිත ඇහින්දා
අරුත කියන සෙනෙහේ
නුඹම වේද මන්දා
හිත දුර හන්දා නෙතු ළග හංගා
සිහින ගණින හින්දා
තනිකම හංගා ඈතක රන්දා
මතක හිත ඇහින්දා
අරුත කියන සෙනෙහේ
නුඹම වේද මන්දා
ඈත අතීතෙක අමතක සෙනෙහේ
හිතවත් කරනා
සිහින පොතේ කවි දහසක් අතරේ
නුඹමයි හිදිනා
නොමැකෙන සේ හදවතේ ඉන්න නුඹ
අළුතෙන් පතනා
හිත දුර හන්දා නෙතු ළග හංගා
සිහින ගණින හින්දා
තනිකම හංගා ඈතක රන්දා
මතක හිත ඇහින්දා
අරුත කියන සෙනෙහේ
නුඹම වේද මන්දා
අහස වගෙයි නුඹ සිතුව අතීතේ
මතකෙට නැගෙනා
හැඩවෙන හිත ළග තනියට ඉන්නේ
නුඹමද කියනා
ඉස්සර දවසක තහනම් හීනේ
ආයෙත් දකීනා
හිත දුර හන්දා නෙතු ළග හංගා
සිහින ගණින හින්දා
තනිකම හංගා ඈතක රන්දා
මතක හිත ඇහින්දා
අරුත කියන සෙනෙහේ.
නුඹම වේද මන්දා
හිත දුර හන්දා නෙතු ළග හංගා
සිහින ගණින හින්දා
තනිකම හංගා ඈතක රන්දා
මතක හිත ඇහින්දා
අරුත කියන සෙනෙහේ
නුඹම වේද මන්දා
අරුත කියන සෙනෙහේ
නුඹම වේද මන්දා","සිහින පොතේ කවි දහසක් අතරේ
නුඹමයි හිදිනා",පොත ,සිත ,සිතේ තිබු සෑම බලපොරෝත්තුවකම ඔබ සිටිය බව ,,,,
Mage adare ekama sithin,මගේ ආදරේ එකම සිතින් ලංවුනා,2006,Senanayake Weraliyadda,සේනානායක වේරලියද්ද,Senanayake Weraliyadda,සේනානායක වේරලියද්ද,"මගේ ආදරේ එකම සිතින් ලංවුණා
සිත් තැවුල් වේදනා යයි මැකී //
හො.... හෝ.... හො .....

සාගරයක දිය රැළි බිදෙනා
ආදරයක ඉම දුටු හින්දා
තනිකම යළිහමුවුන හින්දා
ඇය නෑ ආයේ එන්නේ....
ජීවිතේ වේදනා...
කල්පනා ලංකලා //

මගේ ආදරේ එකම.....

පුර පෝදා සද නැතුවා සේ
නිරුදක කතරක තනි වූ සේ
අමයුරු ගී සර ගොළු වූසේ
ඇය නෑ ආයේ එන්නේ..
ජීවිතේ වේදනා...
කල්පනා ලංකලා //

මගේ ආදරේ එකම...... ","සාගරයක දිය රැළි බිදෙනා
ආදරයක ඉම දුටු හින්දා
තනිකම යළිහමුවුන හින්දා
ඇය නෑ ආයේ එන්නේ",සොබාදහම ,ආදරය ,ආදරයේ අවිනිශ්චිත බව දැනුන නිසා ඇය ආයේ නොඑන බව ,,,,
me tharam siyumalida kalu gal,මේ තරම් සියුමලිද කලු ගල්,1999,Rajee Welgama,රජී වෙල්ගම,sunil edirisinghe,සුනිල් එදිරිසිංහ,"මේ තරම් සියුමැලිද කළු ගල්
හිතන්නටවත් බැරි නිසා
මම ගියා අවුකන බුදුන්ටත්
දෑස් දුන් මිනිසා සොයා

කලා වැව ලඟ ඉලුක් හෙවනක
මැටි පිලක පැදුරක් එලා
රිදුම් පිරිමදිමින් බලයි ඔහු
මැරෙන ඉපදෙන රළ දිහා

ඉසුරුමුණියේ නුඹ තැනූ
පෙම්බරිය කොතැනද කියා
මා ඇසූ විට හිනැහුණා ඔහු
තවම තනිකඩයැයි කියා

මේ තරම් සියුමැලිද කළු ගල්
හිතන්නටවත් බැරි නිසා
මම ගියා අවුකන බුදුන්ටත්
දෑස් දුන් මිනිසා සොයා",මම ගියා අවුකන බුදුන්ටත් දෑස් දුන් මිනිසා සොයා,අවුකන බුදුන්ටත්,අවුකන බුද්ධ ප්‍රතිමා වහන්සේ,අවුකන බුදු පිළිමය නිර්මාණය කළ කලාකරුවා සොයා ගියේය.,බලයි ඔහු මැරෙන ඉපදෙන රළ දිහා,මැරෙන ඉපදෙන රළ,ඇතිවී නැති වී යන වැවේ ජල රල,යන එන වැවේ රළ දිහා බලාගෙන ඉන්නවා.
dewenida mage adare,දෙවනිද මගේ ආදරේ,2010,daddy,ඩැඩී,daddy,ඩැඩී,"දෙවෙනිද මගේ ආදරේ ඔබට
නැතුවද දැන් ඔබෙ පෙම මෙමට,
වෙනසක් මට දැනෙනවා
ඔබ මා මඟ හරිනවා
එකෙකුට නැති ආදරේ මොකට...
ඔබ වෙනුවෙන් මා සිටියා මෙතුවක්
මා වෙනුවෙන් ඔබ ඇතිදෝ සැකයක්...
දෙවෙනිද මගේ ආදරේ ඔබට
නැතුවද දැන් ඔබෙ පෙම මෙමට,
වෙනසක් මට දැනෙනවා
ඔබ මා මඟ හරිනවා
එකෙකුට නැති ආදරේ මොකට...
නොකරමි මම ඔබේ නමට අවමන්
සුභ වේ ඔබෙ දිවි කරනෙමි නික්මන්...
දෙවෙනිද මගේ ආදරේ ඔබට
නැතුවද දැන් ඔබෙ පෙම මෙමට,
වෙනසක් මට දැනෙනවා
ඔබ මා මඟ හරිනවා
එකෙකුට නැති ආදරේ මොකට...",දෙවෙනිද මගේ ආදරේ ඔබට,දෙවෙනිද,වැදගත් නැති බව,ආදරය පෙර තරම් වැදගත් නොවේ,,,,
neth perum pura,නෙත් පෙරුම් පුරා,2007,daddy,ඩැඩී,daddy,ඩැඩී,"නෙත පෙරුම් පුරා එදා
ඔබ දකින්න සැරසුනා
හදේ කොනක නොරැදුනත් ඔයා
නොදැක ඉන්න බැරි උනා

නෙත පෙරුම් පුරා එදා
ඔබ දකින්න සැරසුනා
හදේ කොනක නොරැදුනත් ඔයා
නොදැක ඉන්න බැරි උනා

සිත පතන්නේ ඒ ඔබයි
මට පෙනෙන්නේ ඒ රුවයි
මට ඇසෙන්නේ ඒ හඩයි
හදවතින්ම ඔබ මගෙයි

නෙත පෙරුම් පුරා එදා
ඔබ දකින්න සැරසුනා
හදේ කොනක නොරැදුනත් ඔයා
නොදැක ඉන්න බැරි උනා

මම හඬන්නේ ඔබ නිසයි
ඔබ කොහෙද මා සොයයි
හමුනොවේවිදැයි බයයි
ඔබ මගේමදැයි සිතෙයි

නෙත පෙරුම් පුරා එදා
ඔබ දකින්න සැරසුනා
හදේ කොනක නොරැදුනත් ඔයා
නොදැක ඉන්න බැරි උනා","හදේ කොනක නොරැදුනත් ඔයා
නොදැක ඉන්න බැරි උනා",හදේ කොනක නොරැදුනත් ,ඇය ගැන සිතන්නෙ නැතත්,ඔහු ඇය ගැන වැඩිය නොසිතුවත් ඔහුව නොදැක සිටීම අපහසු බව ඔහු පවසයි.,නෙත පෙරුම් පුරා එදා ඔබ දකින්න සැරසුනා,පෙරුම් පුරා,බලාගෙන සිටියා,ඇස් දෙක බලන් හිටියේ ඔයාව දකින්න
massina,මස්සිනා,2007,daddy,ඩැඩී,daddy,ඩැඩී,"ඉරිදාට පල්ලියේදි සඳුදාට පන්තියේදි
අඟහරුවාදාත් ඔබව යළි හමුවෙමි
බදා බ්‍රහස්පතින්දා සිපගන්නම් සිකුරාදාට
ශනිදාවක් නෑ අපට මගේ මස්සිනා ඉන්නකම්

අපි කාටත් ඇති සෙනසුරාදාව
මගේ සතියේ දිනයක් නොවන බවට
මම ආදරේ කරන්න පටන් ගත්ත දින සිට මට වැටහුණා
සති අන්තයේ සිට මට නිවාඩුවට
මගේ මස්සිනා ආවම සිරකර නංගීව
අසාධාරණව සෙනසුරාදාව අපගෙන් වෙන් කළා
ශනිදාවන්ට හමුනොවුණත් අනිකුත් හැම දිනයක්ම‍ෙ

ඉරිදාට පල්ලියේදි සඳුදාට පන්තියේදි
අඟහරුවාදාත් ඔබව යළි හමුවෙමි
බදා බ්‍රහස්පතින්දා සිපගන්නම් සිකුරාදාට
ශනිදාවක් නෑ අපට මගේ මස්සිනා ඉන්නකම්

ඉර පායන්නෑ සෙනසුරාදාට
මම හීනැහෙන් නෑ සෙනසුරාදාට
මම කන්නෙත් නෑ මම බොන්නෙත් නෑ
මට වැඩකුත් නෑ සෙනසුරාදාව
කිසි ගතියක් නෑ සෙනසුරාදාට
මට නින්දක් නෑ සෙනසුරාදාට
මගේ කැලැන්ඩරෙත් සෙනසුරාදාව නෑ මස්සිනා ඉන්නකං
ශනිදාවන්ට හමුනොවුණත් අනිකුත් හැම දිනයක්ම‍ෙ

ඉරිදාට පල්ලියේදි සඳුදාට පන්තියේදි
අඟහරුවාදාත් ඔබව යළි හමුවෙමි
බදා බ්‍රහස්පතින්දා සිපගන්නම් සිකුරාදාට
ශනිදාවක් නෑ අපට මගේ මස්සිනා ඉන්නකම්

ඉරිදාට පල්ලියේදි සඳුදාට පන්තියේදි
අඟහරුවාදාත් ඔබව යළි හමුවෙමි
බදා බ්‍රහස්පතින්දා සිපගන්නම් සිකුරාදාට
ශනිදාවක් නෑ අපට මගේ මස්සිනා ඉන්නකම්",ඉර පායන්නෑ සෙනසුරාදාට,ඉර පායන්නෑ සෙනසුරාදාට,සෙනසුරාදා දිනයට කැමැත්තක් නැත,සෙනසුරාදාට මනාප නැතැයි කියනු ලැබේ,,,,
tiken tika,ටිකෙන් ටික,2011,daddy,ඩැඩී,daddy,ඩැඩී,"ටිකෙන් ටික ටිකෙන් ටික
අපි ආවද මේ තරම් දුර
කටින් කට කටින් කට
ලෝකය දැනගෙන අපේ ගැන
විටින් විට විටින් විට
සමහරු අපි ගැන ගෙතූ පද
එකක් හැර එකක් හැර
ජය ගත්තා අද අපේ ලෝව

අම්මලාට දුන්නාදෝ කදුළු කෝටියක්
තාත්තලා හැංගුවාද මදුවිතේ දුකක්
කොනක ඉදන් බලං ඉන්නේ යාළුවෝ කැලක්
යන්නට පෙර මදුසමයට දෙන්න ලොකු දුකක්

පොත් මිටියක් මල් කලබක්
ඌවා අද ඔබේ දෑතේ
රන් මුදුවක් දිදුලයි ඔබෙ
සුරතේ සතුටු සිනා මැද්දේ

මං තවමත් කල්පනාවේ සිරවී ඇත්තේ

සිතා ගන්න බෑ

ටිකෙන් ටික බිදෙන් බිඳ
අපි ආවද මේ තරම්
දුර……….
මේ තරම් දුර
කටින් කට කටින් කට
ලෝකය දැනගෙන අපේ ගැන

විටින් විට විටින් විට
සමහරු අපි ගැන ගෙතූ පද
එකක් හැර එකක් හැර
ජය ගත්තා අද අපේ ලෝව",තාත්තලා හැංගුවාද මදුවිතේ දුකක්,හැංගුවාද මදුවිතේ දුකක්,මත්වතුර භාවිතා කිරීම,පියවරුන් තමන්ගේ දුක නිවාගන්න මත්පැන් ගත්තද අසයි ,අම්මලාට දුන්නාදෝ කදුළු කෝටියක්,කදුළු කෝටියක්,විශාල වශයෙන් දුක් කරදර,අම්මලාට ලොකු කරදරයක් වුණාද කියලා අසයි
Palanchiye,පලංචියේ,2001,Wasantha kumara kobavaka,වසන්ත කුමාර කොබවක,"edward jayakody, sunil edirisingha","එඩ්වඩ් ජයකොඩි, සුනිල් එදිරිසිංහ","පලංචියේ… ලී ඉරුවේ… අපි එකට
මල් පැන් පොදක් රහ බැලුවේ අපි ‍එකට
එක වාඩියේ…කල් ඇරියෙත් හිත හොදට…
ඇයි මස්සිනේ… පෙම් කලේ අපි එක මලට

විරසක වී රුපුන් ලෙස යුද වදින්නද…
කුළුදුල් පෙම මෙයයි ඉන් අත් ‍මිදෙන්නද…
පෙම්දම් නිසා… මිතුදම් සිඳ දමන්නද…
හොදහිත නු‍ඹෙ තරම් ලොවකින්… ලබන්නද..

පලංචියේ… ලී ඉරුවේ… අපි එකට
මල් පැන් පොදක් රහ බැලුවේ අපි ‍එකට
එක වාඩියේ…කල් ඇරියෙත් හිත හොදට…
ඇයි මස්සිනේ… පෙම් කලේ අපි එක මලට

දොඩමලු කතා නැහැ… අද වාඩිය හෙවනේ…
නිදිනැති රැය පුරා නුඹෙ සුසුමයි… ඇසුනේ..
හොර රහසින්ම… එක සුවඳක්… පැතු පමිනේ…
නුඹවත් නැතිවේද හෙට මට සකි සඳුනේ…",මල් පැන් පොදක් රහ බැලුවේ අපි ‍එකට,මල් පැන් පොදක්,මත් වතුර,ඔවුන් එකට කමින් බොමින් එකට ජීවත් වූ බව පැවසේ.,,,,
jiwithe sihinayan,ජීවිතේ සිහිනයන්,2008,indrachapa liyanage,ඉන්ද්‍රචාපා ලියනගේ,indrachapa liyanage,ඉන්ද්‍රචාපා ලියනගේ," හමන සුළගේ ගිනි දැල් නිවේ
ජීවිතයේ සිහිනයන් නැලවේ
මායාවේ අදුරයි දැනුනේ
මැවෙනා ලෝකෙන් මිදෙනා මිරිගුව නෙත ගැටුනා වේ
සෙනෙහස ගිනි ගන්න ලෝකේ
අවකාශේ මිත්‍යා දසතේ පැතිරේ හමන සුළගේ ගිනි දැල් නිවේ
ජීවිතයේ සිහිනයන් නැලවේ
මායාවේ අදුරයි දැනුනේ
මැවෙනා ලෝකෙන් මිදෙනා",මැවෙනා ලෝකෙන් මිදෙනා මිරිගුව නෙත ගැටුනා වේ,මිරිගුව ,කිසිදින නොවන  දෙයක්,ලෝකයන් මිදී කිසිදිනක අත්විදින්නට නොලැබෙන ජීවිතයකට අවධානය යොමු කිරීම ගැටලුවක් නැත ,,,,
Muwa muktha latha,මුව මුක්තා ලතා,1999,Dr. Ajantha Ransinghe,අජන්ත රණසිංහ,edward jayakody,එඩ්වඩ් ජයකොඩි,"මුව මුඛ්යා ලතා පිපි රංසාගනන්
විල් නෙලුමාසනෙන් ආ ළඳේ
ඔබ භාග්යා සරෝජාවියේ
ස්වර්ණා භර්ණා පැහැයෙන් දිලේ
මා හද ප්රේමාගනේ රෑ නුඹ රාසෙන් ළඳේ
බඳ මණිමේඛලාව මුදා අනුරාගෙ නගන් නොනිඳා

ආකාස ගං චන්ද්ර නෞකාවේ
තනිවෙන්න යං පෙම් රසෝජාවේ
රූසිරු කල්යාණියේ මා සැතපෙන්නම් ප්රියේ
තුනු ශ්රීයෙන් විපුල් වොරැඳේ මනසානන්ද මන්දෝදරී

නිසසනි සගගම පමපප නිනිසරි ග.
රිස සගරිස නිප නිස රි…
නිප මගප ගමප ගරි නිනි සරි ස…

හිරු එන්න පෙර රාත්රි මේ සීතේ
හා හා ගයම් සෞම්ය සංගීතේ
ඒ හිරු නොනගීවා රෑ තව දිගු වේවා
ඔබේ නළලේ සඳුන් තිලකේ
අද ඉහිරේද දෙතොලෙන් මගේ",ඔබ භාග්යා සරෝජාවියේ ස්වර්ණා භර්ණා පැහැයෙන් දිලේ,ස්වර්ණා භර්ණා පැහැයෙන්,සම දීපතිය,ඔබේ ශරීරය රන්වන් පැහැයෙන් බැබළෙන බව එහි සඳහන් වේ.,හිරු එන්න පෙර රාත්රි මේ සීතේ,හිරු එන්න පෙර ,උදේ වීමට පෙර,උදෑසන වන්නට පෙර 
Karadiya gambure,කරදිය ගැඹුරේ,1999,"Premakumara Jayawardena
",ප්‍රේමකුමාර ජයවර්ධන,edward jayakody,එඩ්වඩ් ජයකොඩි," කරදිය ගැඹරේ තුන්යම ගෙවුනේ
නුඹගේ දෑතට දිරිය වඩන්නයි
සුහුඹුල් අත්පා යදඬු කරන්නයි
කිරිකැටි පුතුනේ… කිරිකැටි පුතුනේ අව්වට වැගිරෙන දාදිය වැස්සේ
කළුගල් තලලා මහමං තැනුවේ
නිවහල් ලොවකට නුඹට වඩින්නයි
කිරිකැටි පුතුනේ… කිරිකැටි පුතුනේ දුම් රොටු අතරේ කම්මල් ඇතුළේ
දැතිරෝදෙට ගත ජීවය දුන්නේ
නව මිනිසෙකු නව ලොවට පුදන්නයි
කිරිකැටි පුතුනේ… කිරිකැටි පුතුනේ කරදිය ගැඹරේ තුන්යම ගෙවුනේ
නුඹගේ දෑතට දිරිය වඩන්නයි
සුහුඹුල් අත්පා යදඬු කරන්නයි
කිරිකැටි පුතුනේ… කිරිකැටි පුතුනේ  ","කරදිය ගැඹරේ තුන්යම ගෙවුනේ
නුඹගේ දෑතට දිරිය වඩන්නයි",කරදිය ගැඹරේ තුන්යම ගෙවුනේ,රාත්‍රී කාලය ගෙවූ බව,ඔහු මුහුදු ගොස් මසුන් ඇල්ලීමෙන් රැකියාවට ගොස් තම දරුවන් ඇති දැඩි කළ බව,,,,
sabanda api,සබද අපි,1999,Darshana Medis,දර්ශන මෙදිස්,gunadasa kapuge,ගුනදාස කපුගේ,"සබඳ අපි කඳු නොවෙමු
උනුන් පරයා නැගෙන
සුනිල දිය දහර වෙමු
එකම ගඟකට වැටෙන
සබඳ අපි කඳු නොවෙමු
උනුන් පරයා නැගෙන
සුනිල දිය දහර වෙමු
එකම ගඟකට වැටෙන
වියරු ගිනිදැල් නොවෙමු
වනය අවුලා තබන
මිහිර දෙන වැස්ස වෙමු
දැවෙන කැලයට වසින
සබඳ අපි කඳු නොවෙමු
උනුන් පරයා නැගෙන
සුනිල දිය දහර වෙමු
එකම ගඟකට වැටෙන
නපුරු හීනය නොවෙමු
ළමුන් නිදි සුව බිඳින
සොඳුරු අඬහැරය වෙමු
දනන් නින්දෙන් මුදන
සබඳ අපි කඳු නොවෙමු
උනුන් පරයා නැගෙන
සුනිල දිය දහර වෙමු
එකම ගඟකට වැටෙන
සබඳ අපි කඳු නොවෙමු
උනුන් පරයා නැගෙන
සුනිල දිය දහර වෙමු
එකම ගඟකට වැටෙන","සුනිල දිය දහර වෙමු
එකම ගඟකට වැටෙන",සුනිල දිය,සහයෝගයෙන් සිටීම,එකිනෙකා අභිබවා නොගිහින් සමගියෙන් ජීවත් විය යුතු බව,"වියරු ගිනිදැල් නොවෙමු
වනය අවුලා තබන",වියරු ගිනිදැල් ,වෛරයන් ඇති කිරීම,අපි සමාජයේ ක්‍රෝධය වෛරය ඇතිකරන්නෝ නොවේ.
Dangalanna baa,දගලන්න බෑ,2012,Daddy,ඩැඩී,daddy,ඩැඩී," මම බැදලා
මම බැදලා
උඹ බැදලා ද? දගලන්න බෑ ඉස්සර වගේ
ඉවසන බෑ මේ කරදරේ
මට ඉන්න බෑ පඹයෙක් වගේ
හැරයන්න බෑ හිතටයි වදේ තනිවෙන්න බෑ සැකයයි ඇගේ
සෙට් වෙන්න බෑ වෙනදා වගේ
හමුවෙන්න බෑ මිතුරියෝ මගේ
මට දැනෙනවා බැන්දම රගේ ඔබේ ආලේ නිසා ඔබ මා සිරකලා
මගේ හැගුමන් ඔබ යටපත් කලා
නිතර කීකරු වෙලා ඉන්න මම ට්‍රයි කලා
ඒත් බැන්දම දුක මට තේරුනා ඇය කිව්වා මං ඇගේ පණ වගෙ
ඇගේ මුලු ආදරේ විතරයි හොදේ
පණ දෙන්න නම් මිතුරියෝ අනේ
මට ඉන්නවා ලෝකය වටේ මට බෑ  ",මට ඉන්න බෑ පඹයෙක් වගේ,පඹයෙක් ,ප්‍රතිචාර නොදක්වන කෙනෙක්,කිසිම ප්‍රතිචාරයක් නොදක්වා සිටිය නොහැකි බව,,,,
irima udaye,ඉරිමා උදයේ,2004,Sujeewa Sampath Pieris,සුජීව සම්පත් පීරිස්,kasun kalhara indrachapa liyanage,"කසුන් කල්හාර, ඉන්ද්‍රචාපා ලියනගේ"," ඉරිමා උදයේ
සීතල මුතු පිණි මතින්
මද්දහනේ වැටෙනා
හිරුගේ කිරණ වැසි
සිත් නිම්නයට සතුටක්
ගතේ දුවනා ආදරේ නොදී එය සඟවා
මුවගට සිනා තබා
දෑසට කඳුළු ගෙනා
ආදරේ නොදී එය සඟවා
මුවගට සිනා තබා
දෑසට කඳුළු ගෙනා ඔබ ඇඳි සිතුවම් මතකේ රැඳුණා
එය දකිනා…
නෙත් සතුටක්දෝ
ඔබ ඇඳි සිතුවම් මතකේ රැඳුණා
එය දකිනා…
නෙත් සතුටක්දෝ",ඔබ ඇඳි සිතුවම් මතකේ රැඳුණා,ඔබ ඇඳි සිතුවම්,ඔබගේ රූපය,ඔබේ රුව සිතට නැඟුණු බව,,,,
Nidi nathi reya purawata,නිදි නැති රැය පුරාවට,2010,Senaka Batagoda,සේනක බටගොඩ,Senaka Batagoda,සේනක බටගොඩ,"නිදි නැති රැය පුරාවට කිසි නිමක් නැති
සිතිවිලි සයුරටත් වැඩි මිස අඩුත් නැති
අවසානයේ දී ඒ හැම බොඳ මීදුමක් සේ
ඈතට පාවි පාවි ගිය හැටි මතකයි

ජිවිතයේ මේ විදියට ප්‍රාර්ථනා පුරවාගෙන
කාලය තුල දිව යනවා
කල කී දේවල් පමණක් පසු පස වාගෙ දැනෙනව
සෙවනැල්ලක් වගේ

විටකදි නොසිතු දේ විටකදි ළඟා වෙති
එලෙසම සමහරක් දේවල් ඈත් වෙති
අවසානයේ දී ඒ හැම බොඳ මීදුමක් සේ
ඈතට පාවි පාවි ගිය හැටි මතකයි

ජිවිතයේ මේ විදියට ප්‍රාර්ථනා පුරවාගෙන
කාලය තුල දිව යනවා
කල කී දේවල් පමණක් පසු පස වාගෙ දැනෙනව
සෙවනැල්ලක් වගේ //","කල කී දේවල් පමණක් පසු පස වාගෙ දැනෙනව
සෙවනැල්ලක් වගේ",සොබාදහම,මානව ක්රියා,වර්තමාන ක්‍රියා අනාගතයේදී  ප්‍රතිපල ලැබේ ,"අවසානයේ දී ඒ හැම බොඳ මීදුමක් සේ
ඈතට පාවි පාවි ගිය හැටි මතකයි",සොබාදහම,මානව ක්රියා,උත්සාහය අපතේ යන විට හිතකර ක්‍රියා මැකී යයි
Hadawatha Illa,හදවත ඉල්ලා,2014, Vernon Perera,වර්නන් පෙරේරා,Priya Suriyasena,ප්‍රියා සූරියසේන,"හදවත ඉල්ලා නොලැබුණු විටදි
දහසක් සිතුවිලි මා හද තුල කැලඹී
මිතුරිය ඔබ කෙලෙසක හෝ අමතක කරමි
නොපිරූ පෙරුමන් පුරලා කුමටද ළතැවී
ඔය නෙතු අග රැඳී තිබූ
නිල්මිණි ඡායා
දැක මා හදවත සසැලී
සෙනෙහස කීවා
හදවත ඉල්ලා නොලැබුණු විටදි
දහසක් සිතුවිලි මා හද තුල කැලඹී
මතු අප උපදින භවයේ
යලි හමුවේවා
ඔය නෙතු අග සිසිල දැනී
මට ළංවේවා
හදවත ඉල්ලා නොලැබුණු විටදි
දහසක් සිතුවිලි මා හද තුල කැලඹී
මිතුරිය ඔබ කෙලෙසක හෝ අමතක කරමි
නොපිරූ පෙරුමන් පුරලා කුමටද ළතැවී",නිල්මිණි ඡායා,කඳුළු,මිනිස් මනස,මිනිස් කඳුළු වලින් දුක්ඛිත හැඟීම් ප්රකාශ වේ,නොපිරූ පෙරුමන් පුරලා කුමටද ළතැවී,බලාපොරොත්තු,මිනිස් මනස,බලාපොරොත්තු සුන්වීම මගින් දුක්ඛිත හැඟීම් ජනිත වේ 
Ma Obage Kiya,මා ඔබගේ කියා,2014,Ruwan Hettiarachchi,රුවන් හෙට්ටිආරච්චි,Ruwan Hettiarachchi,රුවන් හෙට්ටිආරච්චි,"මා ඔබගේ කියා කියන්නට ආසයි ලොව පුරා
මා ඔබගේ කියා කියන්නට ආසයි ලොව පුරා
කවුරුවත් දන්නෙ නෑ
කාටවත් වැටහෙන්නෙ නෑ
ඔබ කවුරු දැයි කියා
මා ඔබගේ කියා කියන්නට ආසයි ලොව පුරා
නෑ යන්නේ මා ඔබ දමා
මා වෙමි ඔබේ සදා
නෑ යන්නේ මා ඔබ දමා
මා වෙමි ඔබේ සදා
ජීවිතේ සෑමදා
ඉන්නේමි මා ඔබ හා
මා ඔබගේ කියා කියන්නට ආසයි ලොව පුරා
මා ඔබගේ කියා කියන්නට ආසයි ලොව පුරා
කවුරුවත් දන්නෙ නෑ
කාටවත් වැටහෙන්නෙ නෑ
ඔබ කවුරු දැයි කියා
මා ඔබගේ කියා කියන්නට ආසයි ලොව පුරා
මා ඔබගේ කියා කියන්නට ආසයි ලොව පුරා
කවුරුවත් දන්නෙ නෑ
කාටවත් වැටහෙන්නෙ නෑ
...(චූටි)...",මා ඔබගේ කියා කියන්නට ආසයි ලොව පුරා,මානව ක්රියා,ආදරය,ඔහු කැමති තම පෙම්වතිය අන් අයට පෙන්වීමටයි.,,,,
sondaru sithuwam,සොදුරු සිතුවම්,2004,Unknown,Unknown,Kasun Kalhara,කසුන් කල්හාර ,"සොඳුරු සිතුවම් – කුරුළු ගී වැල්
සුවඳ මල් රොන් – සිහිල් නලරැල්
එක මිටින් ගෙනැවී…
ඔබේ හි‍‍‍තේ ඉහිරමි…

සොඳුරු සිතුවම් – කුරුළු ගී වැල්
සුවඳ මල් රොන් – සිහිල් නලරැල්
එක මිටින් ගෙනැවී…
ඔබේ හි‍‍‍තේ ඉහිරමි…

මේ දාහයේ දාඩියරේ
හිරුගේ මඟ අවුරා…
සද ගෙනැත් තබමින්
සද එලිය නාමින්…

සොඳුසොඳුරු සිතුවම් – කුරුළු ගී වැල්
සුවඳ මල් රොන් – සිහිල් නලරැල්
එක මිටින් ගෙනැවී…
ඔබේ හි‍‍‍තේ ඉහිරමි…රු සිතුවම්…

රතු පාට හැන්දෑවේ
දෑ‍ස දෙස නොබලා…
වෙන්වෙලා අවුදින්
සිහින සිතුමිනකින්…

සොඳුරු සිතුවම් – කුරුළු ගී වැල්
සුවඳ මල් රොන් – සිහිල් නලරැල්
එක මිටින් ගෙනැවී…
ඔබේ හි‍‍‍තේ ඉහිරමි…","සොඳුරු සිතුවම් – කුරුළු ගී වැල්
සුවඳ මල් රොන් – සිහිල් නලරැල්",සොබාදහම,ආදරය,සොබාදහමේ ඇති ආදරනීය වස්තුන් මගින් පෙම්වතාගේ ආදරය ,"මේ දාහයේ දාඩියරේ
හිරුගේ මඟ අවුරා…
සද ගෙනැත් තබමින්
සද එලිය නාමින්…
",සොබාදහම,ආදරය,දුෂ්කර කාලවලදී අවට සිටීමෙන් ජීවිතයට සහනයක් ගෙන දෙයි
Lasovin Saseli,ලසොවින් සසැලී,2003,Unknown,Unknown,"Nirosha Virajini
",නිරෝෂා විරාජිනී ,"ලසොවින් සසැලී..

කළු වළා ඇවිත්,
සිත නිවා දැමූවත් ජීවිතයේ..
පුර පස සඳ වී පායාවී,
ඔබ මගේ ළඟින්..

ගඟ දිය එරෙහිව යන ගමනේ..
මිමිණූ ගීයක තවරා...වී..
ගඟ දිය එරෙහිව යන ගමනේ..
මිමිණූ ගීයක තවරා...වී..
ඔබ මගේ කියා..
ඔබ මගේ කියා..
ලසොවින් සසැලී..

කළු වළා ඇවිත්,
සිත නිවා දැමූවත් ජීවිතයේ..
පුර පස සඳ වී පායාවී,
ඔබ මගේ ළඟින්..

නල රැල අතු ඉති මත දැවටී..
රහසින් ළංවී පවසා..වී..
නල රැල අතු ඉති මත දැවටී..
රහසින් ළංවී පවසාවී..
අපි අපේ කියා..
අපි අපේ කියා..

ලසොවින් සසැලී..

කළු වළා ඇවිත්,
සිත නිවා දැමූවත් ජීවිතයේ..
පුර පස සඳ වී පායාවී,
ඔබ මගේ ළඟින්..","කළු වළා ඇවිත්,
සිත නිවා දැමූවත් ජීවිතයේ..
",සොබාදහම ,මිනිස් මනස ,ජීවිතයට කොපමණ ප්‍රශ්න පැමිණෙන බව ,ගඟ දිය එරෙහිව යන ගමනේ,ගඟ දිය,ජීවිතයේ මුහුණ දෙන සිදුවීම් ,විවිධ ගැටලු සහ අභියෝගවලට මුහුණ දෙමින් ජීවිතය ගත කරන්න.